-- --------------------------------------------------------
-- Host:                         127.0.0.1
-- Versión del servidor:         5.5.10 - MySQL Community Server (GPL)
-- SO del servidor:              Win32
-- HeidiSQL Versión:             8.0.0.4396
-- --------------------------------------------------------

/*!40101 SET @OLD_CHARACTER_SET_CLIENT=@@CHARACTER_SET_CLIENT */;
/*!40101 SET NAMES utf8 */;
/*!40014 SET @OLD_FOREIGN_KEY_CHECKS=@@FOREIGN_KEY_CHECKS, FOREIGN_KEY_CHECKS=0 */;
/*!40101 SET @OLD_SQL_MODE=@@SQL_MODE, SQL_MODE='NO_AUTO_VALUE_ON_ZERO' */;

-- Volcando estructura de base de datos para bancos
DROP DATABASE IF EXISTS `bancos`;
CREATE DATABASE IF NOT EXISTS `bancos` /*!40100 DEFAULT CHARACTER SET utf8 */;
USE `bancos`;


-- Volcando estructura para tabla bancos.abonos
DROP TABLE IF EXISTS `abonos`;
CREATE TABLE IF NOT EXISTS `abonos` (
  `banco` varchar(10) NOT NULL,
  `persona` varchar(25) NOT NULL,
  `credito` int(30) NOT NULL,
  `id_abono` int(11) NOT NULL AUTO_INCREMENT,
  `fecha_registro` date,
  `transaccion` int(30) NOT NULL,
  `soporte` varchar(30),
  PRIMARY KEY (`id_abono`,`banco`,`persona`,`credito`),
  KEY `FK_abono_banco` (`banco`),
  KEY `FK_abono_creditos` (`credito`),
  KEY `FK_abonos_transacciones` (`transaccion`),
  KEY `FK_abonos_clientes` (`persona`),
  CONSTRAINT `FK_abonos_clientes` FOREIGN KEY (`persona`) REFERENCES `clientes` (`persona`),
  CONSTRAINT `FK_abonos_transacciones` FOREIGN KEY (`transaccion`) REFERENCES `transacciones` (`id`) ON DELETE CASCADE ON UPDATE CASCADE,
  CONSTRAINT `FK_abono_banco` FOREIGN KEY (`banco`) REFERENCES `banco` (`id`) ON DELETE CASCADE ON UPDATE CASCADE,
  CONSTRAINT `FK_abono_creditos` FOREIGN KEY (`credito`) REFERENCES `creditos` (`id_credito`)
) ENGINE=InnoDB AUTO_INCREMENT=727 DEFAULT CHARSET=utf8;

-- Volcando datos para la tabla bancos.abonos: ~622 rows (aproximadamente)
DELETE FROM `abonos`;
/*!40000 ALTER TABLE `abonos` DISABLE KEYS */;
INSERT INTO `abonos` (`banco`, `persona`, `credito`, `id_abono`, `fecha_registro`, `transaccion`, `soporte`) VALUES
	('201', '1006443619', 13, 44, '2011-05-23', 68, '392508713'),
	('201', '1006443619', 13, 45, '2011-10-04', 69, '449278731'),
	('201', '1006443619', 13, 46, '2011-11-04', 70, '469194094'),
	('201', '1105293', 14, 47, '2010-10-01', 72, '369531515'),
	('201', '1105293', 14, 48, '2010-12-21', 73, '369677292'),
	('201', '1105293', 14, 49, '2011-08-26', 74, '433691327'),
	('201', '1105293', 14, 50, '2012-04-20', 75, '477359562'),
	('201', '1057583889', 15, 51, '2011-06-28', 77, '449904205'),
	('201', '1057583889', 15, 52, '2011-08-02', 78, '433696761'),
	('201', '1057583889', 15, 53, '2011-09-05', 79, '449269600'),
	('201', '1057583889', 15, 54, '2011-11-08', 80, '469194551'),
	('201', '1057583889', 15, 55, '2012-02-02', 81, '475143193'),
	('201', '1116542669', 16, 56, '2011-12-20', 83, '475142846'),
	('201', '1116543743', 18, 57, '2011-11-29', 86, '469196247'),
	('201', '1116544164', 19, 58, '2012-03-09', 88, '449269696'),
	('201', '1116544297', 20, 59, '2011-10-26', 90, '469202082'),
	('201', '1116544297', 20, 60, '2012-01-10', 91, '469202082'),
	('201', '1116544948', 23, 61, '2010-10-14', 95, '305500611'),
	('201', '1116544948', 23, 62, '2010-12-28', 96, '392512934'),
	('201', '1116544948', 23, 63, '2011-03-11', 97, '392516154'),
	('201', '1116544948', 23, 64, '2011-07-28', 98, '392504448'),
	('201', '1116544948', 23, 65, '2012-02-17', 99, '449906240'),
	('201', '1116544948', 23, 66, '2012-03-09', 100, '477832035'),
	('201', '1116544977', 24, 67, '2011-08-10', 102, '437525885'),
	('201', '1116544977', 24, 68, '2011-09-30', 103, '449278252'),
	('201', '1116544977', 24, 69, '2011-11-25', 104, '469201912'),
	('201', '1116544977', 24, 70, '2012-01-25', 105, '475139586'),
	('201', '1116544977', 24, 71, '2012-02-22', 106, '467057215'),
	('201', '1116544977', 24, 72, '2012-03-30', 107, '461210540'),
	('125', '1072648219', 25, 74, '2011-11-17', 110, 'recibo 1'),
	('125', '1072648219', 25, 75, '2012-04-23', 111, '4773559632'),
	('125', '1116543864', 26, 76, '2011-10-20', 113, 'recibo 1'),
	('125', '1116543864', 26, 77, '2012-04-03', 114, '4375244006'),
	('125', '1116543864', 26, 78, '2012-06-25', 115, '477357564'),
	('125', '1116544487', 28, 79, '2010-09-28', 118, 'recibo 3'),
	('125', '1116544487', 28, 80, '2010-05-02', 119, 'recibo'),
	('125', '1116544487', 28, 81, '2010-07-12', 120, 'recibo 2'),
	('125', '1116544487', 28, 82, '2011-01-23', 121, 'recibo4'),
	('125', '1116544487', 28, 83, '2011-03-12', 122, 'recibo 5'),
	('125', '1116544487', 28, 84, '2011-06-26', 123, 'recibo 6'),
	('125', '1116544487', 28, 85, '2011-10-25', 124, 'recibo 7'),
	('125', '1116544487', 28, 86, '2011-10-25', 125, 'recibo 7'),
	('125', '1116544487', 28, 87, '2012-01-05', 126, '469191542'),
	('125', '1116544487', 28, 88, '2012-01-24', 127, '475140233'),
	('125', '1116544487', 28, 89, '2012-01-24', 128, 'recibo'),
	('125', '1116548403', 29, 90, '2012-04-19', 130, '4375244008'),
	('125', '1116548403', 29, 91, '2012-06-19', 131, '4773555374'),
	('125', '1116548403', 29, 92, '2012-08-21', 132, '4636222212'),
	('125', '1123530624', 30, 93, '2011-08-31', 134, 'recibo 1'),
	('125', '1123530624', 30, 94, '2011-11-17', 135, 'recibo 2'),
	('125', '1123530624', 30, 95, '2012-05-07', 136, '437524010'),
	('125', '14247665', 31, 96, '2010-07-29', 138, '369531237'),
	('125', '14247665', 31, 97, '2011-06-02', 139, '433690317'),
	('125', '14247665', 31, 98, '2011-07-26', 140, '392504080'),
	('125', '14247665', 32, 99, '2012-07-23', 142, '47361788'),
	('125', '23462388', 33, 100, '2010-02-28', 144, 'recibo 1'),
	('125', '23462388', 33, 101, '2010-05-22', 145, 'recibo 2'),
	('125', '23462388', 33, 102, '2010-07-20', 146, 'recibo 3'),
	('125', '23462388', 33, 103, '2010-11-30', 147, 'recibo 4'),
	('125', '23462388', 33, 104, '2011-01-17', 148, 'recibo 5'),
	('125', '23462388', 33, 105, '2011-11-20', 149, 'recibo 6'),
	('125', '23462388', 33, 106, '2012-02-14', 150, '444906880'),
	('125', '24116693', 34, 107, '2012-03-07', 152, '477832485'),
	('125', '24116693', 34, 108, '2012-04-11', 153, '477366439'),
	('125', '24116693', 35, 109, '2012-03-07', 155, '477832486'),
	('125', '24116693', 35, 110, '2012-04-11', 156, '477366441'),
	('125', '24226433', 36, 111, '2010-05-02', 158, 'recibo 1'),
	('125', '24226433', 36, 112, '2010-07-08', 159, 'recibo 2'),
	('125', '24226433', 36, 113, '2010-11-13', 160, '449904168'),
	('125', '24226433', 36, 114, '2012-05-08', 161, '43752417'),
	('125', '24226433', 36, 115, '2010-11-13', 162, 'recibo 3'),
	('125', '24226827', 37, 116, '2011-01-23', 164, 'recibo 1'),
	('125', '24226827', 37, 117, '2011-09-06', 165, '392485580'),
	('125', '24226827', 37, 118, '2011-10-04', 166, '392485581'),
	('125', '24226827', 37, 119, '2011-10-27', 167, '469202259'),
	('125', '24226827', 37, 120, '2011-12-05', 168, '469199717'),
	('125', '24226827', 37, 121, '2012-02-21', 169, '475145725'),
	('125', '24227211', 38, 122, '2012-01-18', 171, '467047869'),
	('125', '24227211', 38, 123, '2012-04-19', 172, '4773559339'),
	('125', '24227500', 39, 124, '2011-01-23', 174, 'recibo 1'),
	('125', '24227500', 39, 125, '2011-04-20', 175, 'recibo 2'),
	('125', '24227500', 39, 126, '2011-06-02', 176, '433690323'),
	('125', '24227500', 39, 127, '2011-07-27', 177, 'recibo 4'),
	('125', '24227500', 39, 128, '2011-10-10', 178, 'recibo 5'),
	('125', '24227500', 39, 129, '2011-12-19', 179, '475142508'),
	('125', '24227500', 39, 130, '2012-05-07', 180, '437532984'),
	('125', '24227500', 39, 131, '2012-05-11', 181, '437524015'),
	('125', '24228543', 40, 132, '2012-03-07', 183, '477365559'),
	('125', '24228543', 40, 133, '2012-04-11', 184, '477366435'),
	('125', '24228637', 42, 135, '2011-12-19', 188, '475142507'),
	('125', '24228637', 42, 136, '2012-03-09', 189, '437524003'),
	('125', '24228637', 42, 137, '2012-05-08', 190, '437532822'),
	('125', '24228637', 42, 138, '2011-09-27', 191, 'recibo 1'),
	('125', '24230897', 43, 139, '2011-01-14', 193, '55'),
	('125', '24230897', 43, 140, '2011-04-06', 194, '182'),
	('125', '24230897', 43, 141, '2011-07-09', 195, '174'),
	('125', '24230897', 43, 142, '2011-08-06', 196, '21'),
	('125', '24230897', 43, 143, '2011-09-15', 197, 'recibo 5'),
	('125', '24230897', 43, 144, '2011-12-12', 198, '466859228'),
	('125', '24230897', 43, 145, '2011-12-12', 199, '466859227'),
	('125', '24230897', 43, 146, '2012-08-02', 200, '577358189'),
	('125', '24230897', 43, 147, '2012-09-14', 201, '36545288189'),
	('125', '33625090', 44, 148, '2011-11-11', 203, 'recibo 1'),
	('125', '33625090', 44, 149, '2012-01-11', 204, '437522856'),
	('125', '33625090', 44, 150, '2012-03-14', 205, '477834879'),
	('125', '33625090', 44, 151, '2012-05-12', 206, '44990814'),
	('125', '33625090', 44, 152, '2012-07-14', 207, '477361103'),
	('125', '33645214', 45, 153, '2011-07-25', 209, 'recibo 1'),
	('125', '33645214', 45, 154, '2011-10-17', 210, 'recibo 2'),
	('125', '33645214', 45, 155, '2012-05-17', 211, '437524018'),
	('125', '33645235', 46, 156, '2011-09-02', 213, 'recibo 1'),
	('125', '33645235', 46, 157, '2011-11-16', 214, 'recibo 2'),
	('125', '33645235', 46, 158, '2012-01-13', 215, '43752526'),
	('125', '33645235', 46, 159, '2012-03-19', 216, '437524019'),
	('125', '33645235', 46, 160, '2012-04-27', 217, '467048580'),
	('125', '33645235', 46, 161, '2012-07-07', 218, '458736813'),
	('125', '33645731', 47, 162, '2011-09-03', 220, 'recibo 1'),
	('125', '33645731', 47, 163, '2011-11-17', 221, 'Recibo 2'),
	('125', '33645731', 47, 164, '2012-03-20', 222, '477832988'),
	('125', '33646523', 48, 165, '2010-07-20', 224, 'recibo 1'),
	('125', '33646523', 48, 166, '2010-11-09', 225, '381154930'),
	('125', '33646523', 48, 167, '2011-01-23', 226, 'recibo 3'),
	('125', '33646523', 48, 168, '2011-04-04', 227, 'recibo 4'),
	('125', '33646523', 48, 169, '2011-06-02', 228, '433690341'),
	('125', '33646523', 48, 170, '2011-08-26', 229, 'recibo 6'),
	('125', '33646523', 48, 171, '2011-10-22', 230, 'recibo 7'),
	('125', '33646523', 48, 172, '2011-11-20', 231, 'recibo 8'),
	('125', '33646523', 48, 173, '2011-01-17', 232, '392515660'),
	('125', '33646523', 48, 174, '2012-03-09', 233, '477831595'),
	('125', '33646523', 48, 175, '2012-05-07', 234, '937532885'),
	('125', '33647101', 49, 176, '2012-04-26', 236, '475140718'),
	('125', '4088437', 50, 177, '2011-01-25', 238, '392517253'),
	('125', '4088437', 50, 178, '2011-04-11', 239, '392485012'),
	('125', '4088437', 50, 179, '2011-06-13', 240, '433688797'),
	('125', '4088437', 50, 180, '2011-09-05', 241, '449269454'),
	('125', '4088437', 50, 181, '2011-11-21', 242, 'recibo 5'),
	('125', '4088437', 50, 182, '2012-02-24', 243, '467057383'),
	('125', '4088437', 51, 183, '2012-02-16', 245, '475145250'),
	('125', '4088437', 51, 184, '2012-06-13', 246, '477356463'),
	('125', '74348056', 52, 185, '2010-08-10', 248, 'recibo 1'),
	('125', '74348056', 52, 186, '2011-01-17', 249, '392515669'),
	('125', '74348056', 52, 187, '2011-09-13', 250, '4437740*6'),
	('125', '74750263', 53, 188, '2011-09-24', 252, 'recibo1'),
	('125', '74750263', 53, 189, '2012-04-30', 253, '477362543'),
	('125', '74750473', 54, 190, '2012-05-07', 255, '437532982'),
	('125', '74750473', 55, 191, '2010-07-07', 257, '386426507'),
	('125', '74750473', 55, 192, '2010-09-14', 258, '369535412'),
	('125', '74750473', 55, 193, '2010-11-30', 259, '392484803'),
	('125', '74750473', 55, 194, '2011-12-21', 260, '4336693973'),
	('125', '74750473', 55, 195, '2012-05-07', 261, '437532983'),
	('125', '74751175', 56, 196, '2011-04-15', 263, '362186505'),
	('125', '74751175', 56, 197, '2011-06-17', 264, '33686996'),
	('125', '74751175', 56, 198, '2011-08-17', 265, '437525119'),
	('125', '74751175', 56, 199, '2011-10-18', 266, 'recibo 4'),
	('125', '74751175', 56, 200, '2011-12-16', 267, '475142166'),
	('125', '74751175', 56, 201, '2012-02-20', 268, '475145637'),
	('125', '74751175', 56, 202, '2012-04-19', 269, '477359899'),
	('125', '74751175', 57, 203, '2012-04-17', 271, '467048091'),
	('125', '74751175', 57, 204, '2012-04-17', 272, '467048182'),
	('125', '74751175', 57, 205, '2012-04-19', 273, '477359900'),
	('125', '74751268', 58, 206, '2012-03-09', 275, '437524002'),
	('125', '74751268', 58, 207, '2012-05-04', 276, '437532592'),
	('125', '74751268', 58, 208, '2012-06-26', 277, '477357450'),
	('125', '74751268', 58, 209, '2012-07-22', 278, '4777832959'),
	('125', '74751269', 59, 210, '2010-11-28', 280, 'Recibo1'),
	('125', '74751269', 59, 211, '2011-03-22', 281, 'recibo 2'),
	('125', '74751269', 59, 212, '2011-06-26', 282, 'recibo 3'),
	('125', '74751269', 59, 213, '2011-08-11', 283, 'recibo 4'),
	('125', '74751269', 59, 214, '2011-09-28', 284, 'recibo 5'),
	('125', '74751269', 59, 215, '2011-11-23', 285, 'recibo 6'),
	('125', '74751269', 59, 216, '2012-02-02', 286, '475143669'),
	('125', '74751269', 59, 217, '2012-04-17', 287, '477362686'),
	('125', '74751964', 60, 219, '2011-08-10', 290, 'recibo 2'),
	('125', '74752114', 61, 220, '2011-01-23', 292, 'recibo 1'),
	('125', '74752114', 61, 221, '2011-04-12', 293, 'recibo2'),
	('125', '74752114', 61, 222, '2011-06-26', 294, 'recibo 3'),
	('125', '74752114', 61, 223, '2011-10-25', 295, 'recibo 4'),
	('125', '74752114', 61, 224, '2012-01-05', 296, '46919154'),
	('125', '74752114', 61, 225, '2012-01-05', 297, '469191540'),
	('125', '74752211', 62, 226, '2012-03-09', 299, '437524004'),
	('125', '74752211', 62, 227, '2012-05-08', 300, '437532766'),
	('125', '74752211', 63, 228, '2010-07-27', 302, 'recibo 1'),
	('125', '74752211', 63, 229, '2010-09-23', 303, 'recibo 2'),
	('125', '74752211', 63, 230, '2010-11-24', 304, 'recibo 3'),
	('125', '74752211', 63, 231, '2011-01-26', 305, 'recibo 4'),
	('125', '74752211', 63, 232, '2011-04-01', 306, 'recibo5'),
	('125', '74752211', 63, 233, '2011-06-04', 307, 'recibo 6'),
	('125', '74752211', 63, 234, '2011-06-08', 308, 'recibo 7'),
	('125', '74752211', 63, 235, '2011-07-28', 309, 'recibo 8'),
	('125', '74752211', 63, 236, '2011-09-20', 310, 'recibo 9'),
	('125', '74752211', 63, 238, '2011-12-19', 312, '475142506'),
	('125', '74752211', 63, 239, '2012-03-09', 313, '437524005'),
	('125', '74752211', 63, 240, '2012-05-29', 314, '477832989'),
	('125', '74752962', 64, 241, '2012-05-11', 316, '437524014'),
	('125', '74753276', 65, 242, '2011-04-26', 318, 'recibo 1'),
	('125', '74753276', 65, 243, '2011-07-03', 319, 'recibo 2'),
	('125', '74753276', 65, 244, '2011-09-03', 320, 'recibo 3'),
	('125', '74753276', 65, 245, '2011-10-23', 321, 'recibo 4'),
	('125', '74753276', 65, 246, '2012-03-20', 322, '477832987'),
	('125', '74753276', 65, 247, '2012-06-26', 323, '477832992'),
	('125', '74754448', 66, 248, '2011-01-23', 325, 'recibo 1'),
	('125', '74754448', 66, 249, '2011-04-04', 326, 'recibo 2'),
	('125', '74754448', 66, 250, '2011-06-28', 327, 'recibo 3'),
	('125', '74754448', 66, 251, '2011-10-01', 328, 'recibo 4'),
	('125', '74754448', 66, 252, '2011-10-27', 329, 'recibo 5'),
	('125', '74754448', 66, 253, '2011-11-20', 330, 'recibo 6'),
	('125', '74754448', 66, 254, '2012-02-29', 331, '44990417'),
	('125', '74754448', 66, 257, '2012-06-01', 334, '46756791'),
	('125', '74754448', 66, 258, '2012-05-22', 335, '44990731'),
	('125', '74754448', 67, 259, '2012-02-29', 337, '449900418'),
	('125', '74866225', 68, 260, '2011-08-26', 339, 'recibo 1'),
	('125', '74866225', 68, 261, '2011-11-20', 340, 'recibo 2'),
	('125', '74866225', 68, 262, '2012-03-09', 341, '477831596'),
	('125', '74866225', 68, 263, '2012-05-07', 342, '437532884'),
	('125', '79488053', 69, 264, '2012-03-07', 344, '467047255'),
	('125', '79488053', 69, 265, '2012-04-11', 345, '477366436'),
	('125', '86015003', 70, 266, '2011-08-31', 347, 'recibo 1'),
	('125', '86015003', 70, 267, '2011-11-01', 348, 'recibo 2'),
	('125', '86015003', 70, 268, '2012-04-23', 349, '477369633'),
	('125', '86057876', 71, 269, '2010-05-06', 351, 'recibo 1'),
	('125', '86057876', 71, 270, '2010-07-05', 352, 'recibo 2'),
	('125', '86057876', 71, 271, '2010-09-06', 353, 'recibo3'),
	('125', '86057876', 71, 272, '2010-12-13', 354, '369523303'),
	('125', '86057876', 71, 273, '2011-01-24', 355, 'recibo5'),
	('125', '86057876', 71, 274, '2011-03-24', 356, '416867998'),
	('125', '86057876', 71, 275, '2011-06-13', 357, 'recibo 7'),
	('125', '86057876', 71, 276, '2011-07-16', 358, 'recibo 8'),
	('125', '86057876', 71, 277, '2011-11-17', 359, 'recibo 9'),
	('125', '86057876', 71, 278, '2012-03-09', 360, '437524001'),
	('126', '74750257', 72, 279, '2008-07-13', 362, 'nt'),
	('126', '74750257', 72, 280, '2008-08-24', 363, 'nt'),
	('126', '74750257', 72, 281, '2009-02-09', 364, 'nt'),
	('126', '74750257', 72, 282, '2009-02-14', 365, 'nt'),
	('126', '74750257', 73, 285, '2009-05-05', 369, 'nt'),
	('126', '74750257', 73, 286, '2009-11-23', 370, 'nt'),
	('126', '74750257', 73, 287, '2010-03-08', 371, 'nt'),
	('126', '74750257', 73, 288, '2011-04-12', 372, 'nt'),
	('126', '74750257', 73, 289, '2011-12-16', 373, 'nt'),
	('126', '74750257', 73, 290, '2012-06-13', 374, 'nt'),
	('126', '74750257', 74, 291, '2013-01-25', 376, 'nt'),
	('126', '74750257', 74, 294, '2013-03-26', 379, 'nt'),
	('126', '86049276', 75, 295, '2008-10-05', 381, 'nt'),
	('126', '86049276', 75, 296, '2008-07-13', 382, 'nt'),
	('126', '86049276', 75, 297, '2009-01-15', 383, 'nt'),
	('126', '86049276', 75, 298, '2009-01-27', 384, 'nt'),
	('126', '86049276', 76, 299, '2011-01-20', 386, 'nt'),
	('126', '86049276', 76, 300, '2011-01-25', 387, 'nt'),
	('126', '24229580', 78, 301, '2008-07-13', 390, 'nt'),
	('126', '24229580', 78, 302, '2008-08-20', 391, 'nt'),
	('126', '24229580', 78, 303, '2008-09-20', 392, 'nt'),
	('126', '24229580', 78, 304, '2008-10-05', 393, 'nt'),
	('126', '24229580', 78, 305, '2008-10-05', 394, 'nt'),
	('126', '24229580', 78, 306, '2008-11-17', 395, 'nt'),
	('126', '24229580', 78, 307, '2008-12-13', 396, 'nt'),
	('126', '24229580', 78, 308, '2009-01-02', 397, 'nt'),
	('126', '24229580', 78, 309, '2009-05-15', 398, 'nt'),
	('126', '24229580', 79, 310, '2010-02-22', 400, 'nt'),
	('126', '24229580', 79, 311, '2010-05-05', 401, 'nt'),
	('126', '24229580', 79, 312, '2010-08-09', 402, 'nt'),
	('126', '24229580', 79, 313, '2010-11-12', 403, 'nt'),
	('126', '24229580', 79, 314, '2011-02-11', 404, 'nt'),
	('126', '24229580', 79, 315, '2011-05-09', 405, 'nt'),
	('126', '24229580', 79, 316, '2011-07-29', 406, 'nt'),
	('126', '24229580', 80, 317, '2011-11-08', 408, 'nt'),
	('126', '24229580', 80, 318, '2012-02-07', 409, 'nt'),
	('126', '24229580', 80, 319, '2012-06-01', 410, 'nt'),
	('126', '24229580', 80, 320, '2012-08-21', 411, 'nt'),
	('126', '24229580', 80, 321, '2012-11-09', 412, 'nt'),
	('126', '24229580', 80, 322, '2013-02-06', 413, 'nt'),
	('126', '9515574', 81, 323, '2008-07-13', 415, 'nt'),
	('126', '9515574', 81, 324, '2008-08-20', 416, 'nt'),
	('126', '9515574', 81, 325, '2008-09-20', 417, 'nt'),
	('126', '9515574', 81, 326, '2008-11-17', 418, 'nt'),
	('126', '9515574', 81, 327, '2008-12-13', 419, 'nt'),
	('126', '9515574', 81, 328, '2008-12-13', 420, 'nt'),
	('126', '9515574', 81, 329, '2009-02-09', 421, 'nt'),
	('126', '9515574', 82, 330, '2009-05-08', 423, 'nt'),
	('126', '9515574', 82, 331, '2009-08-10', 424, 'nt'),
	('126', '9515574', 82, 332, '2009-09-07', 425, 'nt'),
	('126', '9515574', 82, 333, '2009-11-09', 426, 'nt'),
	('126', '9515574', 82, 334, '2010-02-11', 427, 'nt'),
	('126', '9515574', 82, 335, '2010-05-24', 428, 'nt'),
	('126', '9515574', 82, 336, '2010-08-09', 429, 'nt'),
	('126', '9515574', 82, 337, '2010-11-12', 430, 'nt'),
	('126', '9515574', 82, 338, '2011-02-11', 431, 'nt'),
	('126', '9515574', 83, 339, '2011-06-17', 433, 'nt'),
	('126', '9515574', 83, 340, '2011-09-02', 434, 'nt'),
	('126', '9515574', 83, 341, '2011-11-08', 435, 'nt'),
	('126', '9515574', 83, 342, '2012-01-27', 436, 'nt'),
	('126', '9515574', 84, 343, '2012-04-30', 438, 'nt'),
	('126', '9515574', 84, 344, '2012-12-12', 439, 'nt'),
	('126', '9515574', 84, 345, '2012-12-26', 440, 'nt'),
	('126', '74753012', 86, 346, '2008-07-13', 443, 'nt'),
	('126', '74753012', 86, 347, '2008-09-20', 444, 'nt'),
	('126', '74753012', 86, 348, '2008-11-17', 445, 'nt'),
	('126', '74753012', 86, 349, '2008-12-13', 446, 'nt'),
	('126', '74753012', 86, 350, '2009-01-12', 447, 'nt'),
	('126', '74753012', 86, 351, '2009-05-08', 448, 'nt'),
	('126', '74753012', 87, 352, '2010-02-22', 450, 'nt'),
	('126', '74753012', 87, 353, '2010-05-03', 451, 'nt'),
	('126', '74753012', 88, 354, '2010-07-06', 453, 'nt'),
	('126', '74753012', 88, 355, '2010-08-23', 454, 'nt'),
	('126', '74753012', 88, 356, '2010-11-18', 455, 'nt'),
	('126', '74753012', 88, 357, '2011-04-15', 456, 'nt'),
	('126', '74753012', 88, 358, '2011-04-29', 457, 'nt'),
	('126', '74753012', 88, 359, '2011-05-09', 458, 'nt'),
	('126', '74753012', 88, 360, '2011-07-18', 459, 'nt'),
	('126', '74753012', 89, 361, '2011-10-10', 461, 'nt'),
	('126', '74753012', 89, 362, '2012-03-23', 462, 'nt'),
	('126', '74753012', 89, 363, '2012-04-09', 463, 'nt'),
	('126', '74753012', 89, 364, '2012-05-24', 464, 'nt'),
	('126', '74753012', 89, 365, '2012-06-25', 465, 'nt'),
	('126', '74753012', 89, 366, '2012-08-03', 466, 'nt'),
	('126', '74753012', 89, 367, '2012-10-29', 467, 'nt'),
	('140', '37923785', 92, 370, '2012-03-22', 473, '2575'),
	('140', '37923785', 92, 371, '2012-03-22', 474, '2576'),
	('140', '37923785', 92, 372, '2012-04-20', 475, '8779'),
	('140', '37923785', 92, 373, '2012-04-20', 476, '8776'),
	('140', '37923785', 92, 374, '2012-04-20', 477, '8778'),
	('140', '37923785', 92, 375, '2011-10-06', 478, '7554'),
	('140', '37923785', 92, 376, '2012-06-20', 479, '7464'),
	('140', '37923785', 92, 377, '2012-06-20', 480, '7740'),
	('140', '37923785', 92, 378, '2012-07-05', 481, '6529'),
	('140', '37923785', 92, 379, '2012-07-05', 482, '6528'),
	('140', '37923785', 92, 380, '2012-07-31', 483, '3542'),
	('140', '37923785', 92, 381, '2012-07-31', 484, '3545'),
	('140', '17689016', 93, 382, '2011-12-01', 486, '6792'),
	('140', '17689016', 93, 383, '2012-03-01', 487, '8303'),
	('140', '17689016', 93, 384, '2012-04-02', 488, '9868'),
	('140', '17689016', 93, 385, '2012-06-20', 489, '7507'),
	('140', '17689016', 93, 386, '2013-01-22', 490, '4203'),
	('140', '17689016', 93, 387, '2013-02-21', 491, '902'),
	('123', '9430366', 94, 389, '2012-07-18', 494, 'nkj'),
	('202', '1002721762', 99, 390, '2011-07-11', 500, 'nt'),
	('202', '1002721762', 99, 391, '2010-10-01', 501, '386337644'),
	('202', '74845728', 101, 392, '2011-10-03', 504, 'nt'),
	('202', '74845728', 101, 393, '2012-08-28', 505, 'nt'),
	('202', '40438758', 102, 394, '2010-09-14', 507, 'nt'),
	('202', '40438758', 102, 396, '2012-05-17', 509, 'nt'),
	('202', '52258003', 106, 398, '2011-04-01', 515, 'nt'),
	('202', '52258003', 106, 399, '2010-09-10', 516, 'nt'),
	('126', '24752754', 109, 400, '2008-07-13', 520, '##'),
	('126', '24752754', 109, 401, '2009-01-23', 521, 'ss'),
	('126', '24752754', 109, 402, '2009-01-23', 522, 'ss'),
	('126', '24752754', 109, 403, '2009-03-31', 523, 'ss'),
	('126', '24752754', 110, 404, '2009-10-30', 525, 'ss'),
	('126', '24752754', 110, 405, '2010-12-28', 526, 'ss'),
	('126', '24752754', 110, 406, '2011-06-22', 527, 'ss'),
	('126', '33646059', 111, 407, '2008-07-13', 529, 'ss'),
	('126', '33646059', 111, 408, '2008-08-20', 530, 'ss'),
	('126', '33646059', 111, 409, '2009-02-09', 531, 'ss'),
	('126', '33646059', 112, 410, '2010-04-22', 533, 'ss'),
	('126', '33646059', 113, 411, '2010-11-04', 535, 'ss'),
	('126', '33646059', 113, 412, '2011-07-06', 536, 'ss'),
	('126', '33646059', 113, 413, '2013-01-15', 537, 'ss'),
	('126', '33646059', 113, 414, '2013-03-01', 538, 'ss'),
	('126', '33635607', 114, 415, '2008-07-13', 540, 'ss'),
	('126', '33635607', 114, 416, '2008-08-24', 541, 'ss'),
	('126', '33635607', 114, 417, '2008-10-05', 542, 'ss'),
	('126', '33635607', 114, 418, '2009-01-25', 543, 'ss'),
	('126', '33635607', 114, 419, '2009-01-25', 544, 'ss'),
	('126', '4193461', 115, 422, '2009-02-09', 548, 'ss'),
	('126', '4193461', 115, 423, '2009-04-27', 549, 'ss'),
	('126', '4193461', 115, 425, '2009-09-02', 551, 'ss'),
	('126', '4193461', 115, 426, '2012-07-11', 552, 'ss'),
	('126', '91454563', 116, 427, '2008-08-08', 554, 'ss'),
	('126', '91454563', 116, 428, '2008-10-05', 555, 'ss'),
	('126', '91454563', 116, 429, '2009-01-25', 556, 'ss'),
	('126', '91454563', 116, 430, '2009-03-25', 557, 'ss'),
	('126', '91454563', 116, 431, '2009-05-29', 558, 'ss'),
	('126', '91454563', 116, 432, '2009-08-28', 559, 'ss'),
	('126', '24225818', 119, 433, '2009-05-05', 563, 'ss'),
	('126', '24225818', 119, 434, '2009-08-03', 564, 'ss'),
	('126', '24225818', 119, 435, '2010-03-03', 565, 'ss'),
	('126', '24225818', 119, 436, '2011-02-02', 566, 'ss'),
	('126', '24225818', 120, 437, '2012-01-19', 568, 'ss'),
	('126', '24225818', 120, 438, '2012-01-19', 569, 'ss'),
	('126', '23740687', 123, 440, '2009-05-20', 574, 'ss'),
	('126', '23740687', 123, 441, '2009-08-20', 575, 'ss'),
	('126', '23740687', 123, 442, '2009-11-23', 576, 'ss'),
	('126', '23740687', 123, 443, '2010-02-07', 577, 'ss'),
	('126', '23740687', 123, 444, '2010-11-15', 578, 'ss'),
	('126', '23740687', 123, 445, '2011-03-08', 579, 'ss'),
	('126', '23740687', 123, 446, '2011-05-03', 580, 'ss'),
	('126', '23740687', 124, 447, '2011-09-14', 582, 'ss'),
	('126', '23740687', 124, 448, '2012-01-12', 583, 'ss'),
	('126', '23740687', 124, 449, '2012-06-29', 584, 'ss'),
	('126', '23740687', 124, 450, '2012-11-10', 585, 'ss'),
	('126', '23740687', 124, 451, '2013-02-11', 586, 'ss'),
	('126', '74750219', 125, 452, '2009-09-04', 588, 'ss'),
	('126', '74750219', 125, 453, '2009-12-01', 589, 'ss'),
	('126', '74750219', 125, 454, '2011-03-22', 590, 'ss'),
	('126', '23780333', 126, 455, '2009-04-27', 592, 'ss'),
	('126', '23780333', 126, 456, '2009-07-16', 593, 'ss'),
	('126', '23780333', 126, 457, '2010-02-08', 594, 'ss'),
	('126', '23780333', 126, 458, '2010-09-10', 595, 'ss'),
	('126', '23780333', 127, 459, '2011-11-08', 597, 'ss'),
	('126', '74751046', 129, 461, '2010-02-03', 601, 'ss'),
	('126', '74751046', 129, 463, '2011-07-18', 603, 'ss'),
	('126', '74751046', 130, 464, '2013-04-01', 605, 'ss'),
	('126', '74754125', 131, 466, '2009-07-21', 608, 'ss'),
	('126', '74754125', 131, 467, '2009-09-03', 609, 'ss'),
	('126', '74754125', 132, 468, '2012-02-20', 611, 'ss'),
	('126', '74754125', 132, 469, '2012-05-07', 612, 'ss'),
	('126', '74752459', 134, 470, '2011-02-11', 615, 'ss'),
	('126', '74752459', 134, 471, '2011-05-27', 616, 'ss'),
	('126', '74752459', 134, 472, '2011-08-26', 617, 'ss'),
	('126', '74752459', 134, 473, '2013-02-21', 618, 'ss'),
	('126', '74859926', 135, 474, '2010-05-21', 620, 'ss'),
	('126', '74859926', 135, 475, '2011-07-26', 621, 'ss'),
	('126', '9511304', 136, 476, '2010-02-08', 623, 'ss'),
	('126', '9511304', 136, 477, '2010-04-06', 624, 'ss'),
	('126', '9511304', 136, 478, '2010-07-07', 625, 'ss'),
	('126', '9511304', 136, 479, '2010-07-12', 626, 'ss'),
	('126', '9511304', 137, 482, '2011-07-01', 630, 'ss'),
	('126', '9511304', 137, 483, '2011-09-15', 631, 'ss'),
	('126', '9511304', 137, 484, '2011-11-25', 632, 'ss'),
	('126', '9511304', 137, 485, '2012-01-19', 633, 'ss'),
	('126', '9511304', 137, 487, '2012-04-23', 635, 'ss'),
	('126', '9511304', 137, 488, '2012-07-06', 636, 'ss'),
	('126', '9511304', 138, 489, '2012-08-22', 638, 'ss'),
	('126', '9511304', 138, 490, '2013-01-28', 639, 'ss'),
	('126', '9511304', 138, 491, '2013-03-04', 640, 'ss'),
	('126', '74752350', 139, 492, '2011-06-10', 642, 'ss'),
	('126', '74752350', 139, 493, '2011-06-29', 643, 'ss'),
	('126', '78292454', 141, 494, '2010-02-22', 646, 'ss'),
	('126', '78292454', 141, 495, '2010-09-15', 647, 'ss'),
	('126', '78292454', 141, 496, '2012-01-31', 648, 'ss'),
	('126', '78292454', 141, 497, '2012-05-03', 649, 'ss'),
	('126', '23462396', 142, 498, '2010-11-20', 651, 'ss'),
	('126', '23462396', 142, 499, '2011-05-27', 652, 'ss'),
	('126', '23462396', 142, 500, '2013-02-18', 653, 'ss'),
	('126', '23268442', 143, 502, '2010-11-24', 656, 'ss'),
	('126', '23268442', 143, 504, '2011-04-26', 658, 'ss'),
	('126', '23268442', 143, 505, '2011-05-09', 659, 'ss'),
	('126', '23268442', 143, 506, '2011-12-14', 660, 'ss'),
	('126', '23268442', 143, 507, '2012-01-26', 661, 'ss'),
	('126', '23268442', 144, 508, '2013-01-25', 663, 'ss'),
	('126', '23268442', 144, 509, '2013-03-07', 664, 'ss'),
	('126', '40306169', 145, 510, '2010-08-09', 666, 'ss'),
	('126', '40306169', 145, 511, '2011-03-04', 667, 'ss'),
	('126', '40306169', 145, 512, '2011-05-11', 668, 'ss'),
	('126', '40306169', 146, 513, '2013-04-01', 670, 'ss'),
	('126', '74755026', 147, 514, '2010-08-06', 672, 'ss'),
	('126', '74755026', 147, 515, '2012-07-11', 673, 'ss'),
	('126', '74753427', 148, 517, '2011-05-23', 676, 'ss'),
	('126', '9658630', 149, 518, '2010-08-09', 678, 'ss'),
	('126', '9658630', 149, 519, '2010-12-14', 679, 'ss'),
	('126', '9658630', 149, 520, '2011-02-15', 680, 'ss'),
	('126', '9658630', 149, 521, '2011-05-11', 681, 'ss'),
	('126', '9658630', 149, 522, '2011-11-17', 682, 'ss'),
	('126', '9658630', 149, 523, '2012-05-05', 683, 'ss'),
	('126', '9658630', 150, 524, '2012-10-19', 685, 'ss'),
	('126', '9658630', 150, 525, '2013-02-07', 686, 'ss'),
	('126', '24109329', 151, 526, '2010-09-24', 688, 'ss'),
	('126', '24109329', 151, 527, '2010-12-28', 689, 'ss'),
	('126', '24109329', 151, 528, '2011-06-22', 690, 'ss'),
	('126', '7363858', 153, 529, '2010-08-12', 693, 'ss'),
	('126', '7363858', 153, 530, '2011-01-11', 694, 'ss'),
	('126', '7363858', 153, 531, '2012-06-28', 695, 'ss'),
	('126', '24227428', 154, 532, '2010-08-17', 697, 'ss'),
	('126', '24227428', 154, 533, '2010-11-24', 698, 'ss'),
	('126', '24227428', 154, 534, '2011-00-26', 699, 'ss'),
	('126', '24227428', 154, 535, '2011-05-20', 700, 'ss'),
	('126', '24227428', 155, 536, '2012-06-06', 702, 'ss'),
	('126', '24227428', 155, 537, '2013-03-07', 703, 'ss'),
	('126', '33646413', 157, 538, '2010-10-11', 706, 'ss'),
	('126', '33646413', 157, 539, '2010-12-13', 707, 'ss'),
	('126', '4297922', 158, 540, '2010-10-06', 709, 'ss'),
	('126', '74756429', 159, 541, '2010-09-03', 711, 'ss'),
	('126', '74756429', 159, 542, '2010-12-02', 712, 'ss'),
	('126', '74756429', 159, 543, '2011-02-18', 713, 'ss'),
	('126', '74756429', 159, 544, '2011-05-30', 714, 'ss'),
	('126', '74756429', 159, 545, '2011-06-10', 715, 'ss'),
	('126', '74756429', 160, 546, '2011-11-08', 717, 'ss'),
	('126', '74756429', 160, 547, '2012-02-07', 718, 'ss'),
	('126', '74756429', 160, 548, '2012-05-04', 719, 'ss'),
	('126', '74856491', 161, 549, '2011-05-20', 721, 'ss'),
	('126', '74856491', 161, 550, '2012-05-07', 722, 'ss'),
	('126', '24225626', 163, 551, '2009-05-06', 725, 'ss'),
	('126', '24225626', 163, 552, '2009-08-11', 726, 'ss'),
	('126', '24225626', 163, 553, '2009-11-02', 727, 'ss'),
	('126', '24225626', 163, 554, '2010-02-08', 728, 'ss'),
	('126', '24225626', 163, 555, '2010-08-09', 729, 'ss'),
	('126', '24225626', 163, 556, '2010-11-05', 730, 'ss'),
	('126', '24225626', 163, 557, '2010-11-05', 731, 'ss'),
	('126', '24225626', 163, 558, '2010-11-18', 732, 'ss'),
	('126', '24225626', 163, 559, '2011-02-07', 733, 'ss'),
	('126', '24225626', 163, 560, '2013-01-28', 734, 'ss'),
	('126', '23795073', 164, 561, '2011-02-17', 736, 'ss'),
	('126', '6746826', 166, 564, '2012-01-31', 741, 'ss'),
	('126', '6746826', 166, 565, '2012-05-22', 742, 'ss'),
	('126', '6746826', 166, 566, '2012-05-22', 743, 'ss'),
	('126', '18506827', 167, 567, '2011-08-01', 745, 'ss'),
	('126', '17445003', 168, 568, '2012-05-18', 747, 'ss'),
	('126', '17445003', 168, 569, '2012-05-18', 748, 'ss'),
	('126', '23790090', 170, 570, '2011-04-25', 751, 'ss'),
	('126', '23790090', 170, 571, '2011-07-18', 752, 'ss'),
	('126', '23790090', 170, 572, '2011-10-18', 753, 'ss'),
	('126', '23790090', 170, 573, '2012-01-26', 754, 'ss'),
	('126', '23790090', 170, 574, '2012-04-24', 755, 'ss'),
	('126', '23790090', 170, 575, '2012-07-11', 756, 'ss'),
	('126', '23790090', 170, 576, '2012-09-25', 757, 'ss'),
	('126', '23790090', 170, 577, '2013-01-31', 758, 'ss'),
	('126', '1125086', 171, 578, '2011-06-07', 760, 'ss'),
	('126', '1125086', 171, 579, '2011-09-09', 761, 'ss'),
	('126', '1125086', 171, 580, '2011-11-08', 762, 'ss'),
	('126', '1125086', 171, 581, '2012-02-07', 763, 'ss'),
	('126', '1125086', 171, 582, '2012-05-15', 764, 'ss'),
	('126', '1125086', 171, 583, '2013-02-08', 765, 'ss'),
	('126', '1125086', 171, 584, '2013-04-01', 766, 'ss'),
	('126', '1125045', 172, 585, '2012-06-28', 768, 'ss'),
	('126', '1117484562', 173, 586, '2012-01-05', 770, 'ss'),
	('126', '1117484562', 173, 587, '2012-01-31', 771, 'ss'),
	('126', '1117484562', 173, 588, '2012-02-10', 772, 'ss'),
	('126', '1117484562', 174, 589, '2012-11-23', 774, 'ss'),
	('126', '1117484562', 174, 590, '2012-12-12', 775, 'ss'),
	('126', '63477306', 175, 591, '2012-01-23', 777, 'ss'),
	('126', '24226979', 178, 592, '2012-05-18', 781, 'ss'),
	('126', '24227072', 179, 593, '2012-01-10', 783, 'ss'),
	('126', '24227072', 179, 594, '2012-03-12', 784, 'ss'),
	('126', '24227072', 179, 595, '2012-05-04', 785, 'ss'),
	('126', '24227072', 180, 596, '2013-01-05', 787, 'ss'),
	('126', '24227280', 181, 597, '2012-07-12', 789, 'ss'),
	('126', '24227280', 181, 598, '2013-02-05', 790, 'ss'),
	('126', '74751443', 182, 599, '2012-04-20', 792, 'ss'),
	('126', '74751443', 182, 600, '2013-02-15', 793, 'ss'),
	('126', '74751443', 182, 601, '2013-03-12', 794, 'ss'),
	('126', '33646759', 184, 602, '2012-05-22', 797, 'ss'),
	('126', '33646759', 184, 603, '2012-11-13', 798, 'ss'),
	('126', '33646759', 184, 604, '2013-02-18', 799, 'ss'),
	('126', '3008681', 186, 605, '2013-01-15', 802, 'ss'),
	('126', '46357549', 188, 606, '2012-09-07', 805, 'ss'),
	('126', '46357549', 188, 607, '2012-11-09', 806, 'ss'),
	('126', '46357549', 188, 608, '2013-02-07', 807, 'ss'),
	('126', '46357549', 188, 609, '2013-04-01', 808, 'ss'),
	('126', '96005743', 189, 610, '2013-02-14', 810, 'ss'),
	('126', '1116543865', 190, 611, '2008-07-13', 812, 'ss'),
	('126', '1116543865', 190, 612, '2008-08-13', 813, 'ss'),
	('126', '1116543865', 190, 614, '2008-11-23', 815, 'ss'),
	('126', '1116543865', 190, 615, '2009-01-25', 816, 'ss'),
	('126', '1116543865', 190, 616, '2009-03-31', 817, 'ss'),
	('126', '1116543865', 190, 617, '2010-08-09', 818, 'ss'),
	('126', '1116543865', 190, 618, '2011-04-29', 819, 'ss'),
	('126', '1116543865', 190, 619, '2012-03-20', 820, 'ss'),
	('126', '1116543865', 190, 620, '2008-10-05', 821, 'ss'),
	('126', '86049276', 76, 622, '2009-02-14', 834, 'saldo anterior credito'),
	('126', '86049276', 77, 623, '2011-02-21', 835, 'Saldo anterior'),
	('126', '4193461', 115, 624, '2008-10-05', 836, 'ss'),
	('126', '4193461', 115, 625, '2009-07-03', 837, 'ss'),
	('126', '24226088', 203, 626, '2008-10-25', 840, 'ss'),
	('126', '24226088', 203, 627, '2009-01-25', 841, 'ss'),
	('126', '24226088', 203, 628, '2009-03-27', 842, 'ss'),
	('126', '24226088', 203, 629, '2009-09-07', 843, 'ss'),
	('126', '24226088', 204, 630, '2010-05-05', 845, 'ss'),
	('126', '24226088', 204, 631, '2011-01-25', 846, 'ss'),
	('126', '24226088', 204, 632, '2012-01-19', 847, 'ss'),
	('126', '24225818', 207, 633, '2012-01-19', 851, 'ss'),
	('126', '52802686', 208, 634, '2009-05-05', 853, 'ss'),
	('126', '52802686', 208, 635, '2009-08-03', 854, 'ss'),
	('126', '52802686', 208, 636, '2010-03-03', 855, 'ss'),
	('126', '74751046', 129, 637, '2010-07-10', 856, 'ss'),
	('126', '74751046', 129, 638, '2011-05-27', 857, 'ss'),
	('126', '74754125', 133, 639, '2013-02-25', 858, 'ss'),
	('126', '9511304', 136, 640, '2010-10-05', 859, 'ss'),
	('126', '9511304', 137, 641, '2012-03-05', 860, 'ss'),
	('126', '9511304', 138, 642, '2012-01-22', 861, 'saldo anterior'),
	('126', '9511304', 138, 643, '2013-04-10', 862, 'ss'),
	('126', '9511304', 138, 644, '2013-04-24', 863, 'ss'),
	('126', '78292454', 141, 645, '2013-05-30', 864, 'ss'),
	('126', '23268442', 143, 646, '2010-08-17', 865, 'ss'),
	('126', '4297922', 158, 647, '2013-04-09', 866, 'ss'),
	('126', '4297922', 158, 648, '2013-05-06', 867, 'ss'),
	('126', '74753427', 148, 649, '2010-10-12', 868, 'ss'),
	('126', '74753427', 148, 650, '2013-03-22', 869, 'ss'),
	('126', '74753427', 148, 651, '2013-04-26', 870, 'ss'),
	('126', '18506827', 167, 652, '2013-03-12', 871, 'ss'),
	('126', '18506827', 167, 653, '2013-04-17', 872, 'ss'),
	('126', '63477306', 176, 654, '2013-01-31', 874, 'ss'),
	('126', '1010054759', 211, 657, '2012-10-08', 879, 'ss'),
	('126', '1010054759', 211, 658, '2013-04-29', 880, 'ss'),
	('126', '23795073', 164, 659, '2012-12-19', 881, 'ss'),
	('126', '23795073', 164, 660, '2012-02-10', 882, 'ss'),
	('126', '23795073', 164, 661, '2013-01-17', 883, 'ss'),
	('126', '23795073', 164, 662, '2013-05-14', 884, 'ss'),
	('123', '1129833', 212, 663, '2013-01-03', 886, 'ss'),
	('123', '1129833', 212, 664, '2013-02-08', 887, 'ss'),
	('123', '9430366', 214, 667, '2013-12-01', 892, 'ss'),
	('110', '74860795', 215, 668, '2013-05-02', 894, '1313'),
	('110', '74860795', 215, 669, '2013-05-23', 895, '333'),
	('110', '74860795', 215, 670, '2013-07-05', 896, '147'),
	('110', '1118542837', 216, 671, '2013-04-20', 898, '707'),
	('110', '1118542837', 216, 672, '2013-05-02', 899, '396'),
	('110', '1118542837', 216, 673, '2013-05-02', 900, '400'),
	('110', '1118542837', 216, 674, '2013-05-02', 901, '402'),
	('110', '1118542837', 216, 675, '2013-01-09', 902, '1106'),
	('110', '1118542837', 216, 676, '2012-11-23', 903, '1773'),
	('110', '1118542837', 216, 677, '2012-10-19', 904, '38'),
	('110', '1118542837', 216, 678, '2013-05-20', 905, '462'),
	('110', '1118542837', 216, 679, '2013-08-10', 906, '1245'),
	('110', '23675649', 217, 680, '2012-10-19', 908, '766'),
	('110', '23675649', 217, 681, '2013-01-28', 909, '527'),
	('110', '23675649', 217, 682, '2013-04-29', 910, '2099'),
	('110', '23675649', 217, 683, '2013-05-27', 911, '1919'),
	('110', '23675649', 217, 684, '2012-11-19', 912, '1827'),
	('110', '23675649', 217, 685, '2012-12-24', 913, '1905'),
	('110', '23675649', 217, 686, '2013-02-19', 914, '165'),
	('110', '23675649', 217, 687, '2013-04-01', 915, '1758'),
	('110', '23675649', 217, 688, '2013-06-24', 916, '1692'),
	('110', '23675649', 217, 689, '2013-07-23', 917, '942'),
	('110', '74860845', 218, 690, '2012-10-19', 919, '249'),
	('110', '74860845', 218, 691, '2012-11-21', 920, '653'),
	('110', '74860845', 218, 692, '2013-02-20', 921, '201'),
	('110', '74860845', 218, 693, '2013-02-20', 922, '198'),
	('110', '74860845', 218, 694, '2013-02-20', 923, '203'),
	('110', '74860845', 218, 695, '2013-05-20', 924, '2687'),
	('110', '74860845', 218, 696, '2013-05-20', 925, '2681'),
	('110', '74860845', 218, 697, '2013-05-20', 926, '2682'),
	('110', '74860845', 218, 698, '2013-08-15', 927, '563'),
	('110', '74860845', 218, 699, '2013-08-19', 928, '559'),
	('110', '74860845', 218, 700, '2013-08-15', 929, '560'),
	('110', '47430988', 219, 701, '2013-04-02', 931, '214'),
	('110', '47430988', 219, 703, '2013-04-02', 933, '218'),
	('110', '47430988', 219, 704, '2013-02-20', 934, '1105'),
	('110', '47430988', 219, 706, '2012-12-20', 936, '1461'),
	('110', '47430988', 219, 707, '2012-12-20', 937, '1461'),
	('110', '47430988', 219, 708, '2012-12-04', 938, '596'),
	('110', '47430988', 219, 709, '2012-10-19', 939, '599'),
	('110', '47430988', 219, 710, '2013-01-30', 940, '453'),
	('110', '47430988', 219, 711, '2013-05-29', 941, '594'),
	('110', '47430988', 219, 712, '2013-06-24', 942, '1805'),
	('110', '47430988', 219, 713, '2013-08-13', 943, '1789'),
	('123', '1111212', 220, 714, '2011-03-25', 945, '11232343'),
	('123', '1111212', 220, 716, '2011-05-24', 947, '3454656'),
	('123', '1111212', 220, 717, '2011-06-28', 948, '8765876576'),
	('123', '1111212', 220, 718, '2011-07-26', 949, '65475647'),
	('123', '1111212', 220, 719, '2011-08-26', 950, '7567676'),
	('123', '1111212', 220, 720, '2011-04-25', 951, '75646'),
	('123', '1111212', 220, 721, '2011-09-26', 952, '45345345'),
	('123', '1111212', 220, 722, '2011-10-26', 953, '3456356'),
	('123', '1111212', 220, 723, '2011-12-26', 954, '2345345'),
	('123', '9430366', 10, 724, '2013-09-10', 955, 'iuhi'),
	('202', '748455133', 104, 726, '2011-09-14', 959, 'ss');
/*!40000 ALTER TABLE `abonos` ENABLE KEYS */;


-- Volcando estructura para tabla bancos.banco
DROP TABLE IF EXISTS `banco`;
CREATE TABLE IF NOT EXISTS `banco` (
  `id` varchar(10) NOT NULL,
  `departamento` int(10) NOT NULL,
  `nombre_banco` varchar(50) NOT NULL,
  `localidad` varchar(50) NOT NULL,
  `municipio` int(10) DEFAULT NULL,
  `direccion` varchar(50) DEFAULT NULL,
  `longitud` double DEFAULT NULL,
  `latitud` double DEFAULT NULL,
  `fecha_creacion` date DEFAULT NULL,
  PRIMARY KEY (`id`),
  KEY `municipio` (`municipio`),
  KEY `FK_banco_departamentos` (`departamento`),
  CONSTRAINT `banco_ibfk_2` FOREIGN KEY (`municipio`) REFERENCES `municipios` (`id`),
  CONSTRAINT `FK_banco_departamentos` FOREIGN KEY (`departamento`) REFERENCES `departamentos` (`id`)
) ENGINE=InnoDB DEFAULT CHARSET=utf8;

-- Volcando datos para la tabla bancos.banco: ~18 rows (aproximadamente)
DELETE FROM `banco`;
/*!40000 ALTER TABLE `banco` DISABLE KEYS */;
INSERT INTO `banco` (`id`, `departamento`, `nombre_banco`, `localidad`, `municipio`, `direccion`, `longitud`, `latitud`, `fecha_creacion`) VALUES
	('110', 9, 'El Bajo', 'El Bajo', 388, 'Vereda el Bajo', 0, 0, '2013-08-23'),
	('123', 9, 'Union Charte', 'Unión Charte', 370, 'union charte', -72.48576333999631, 5.25568993168373, '2009-01-01'),
	('124', 9, 'Retiro Milagro', 'Retiro Milagro', 370, 'Casa Profesora Alix', -72.56899765014646, 5.305762556298528, '2009-12-12'),
	('125', 9, 'Banco Comunal Alto Lindo', 'Alto Lindo', 370, 'Finca Graciela', -72.66030540943143, 5.059198885398385, '2009-01-01'),
	('126', 9, 'San Miguel De Farallones', 'SM Farallones', 370, 'Verda SM Farallones', -72.71170726299283, 5.069049587433128, '2009-01-01'),
	('129', 9, 'Volcan Blanco', 'Aguazul', 388, 'Calle 24a 7a 35', -72.40624120712278, 5.331635917524889, '2009-01-01'),
	('130', 9, 'Upamena', 'Upamena', 370, 'Vereda Upamena', -72.68849810838697, 5.0247830390976675, '2009-01-01'),
	('132', 9, 'La Turua', 'Vereda La Turua', 370, 'Salon Comunal', -72.64882555484769, 5.026017456205971, '2009-01-01'),
	('133', 9, 'Puente Cusiana', 'Aguazul', 370, 'Salon Comunal', -72.68512657165525, 5.01217688819063, '2009-01-01'),
	('134', 9, 'Plan Brisas', 'Plan Brisas', 370, 'Casa Miguel Daza', -72.56906202316281, 5.305912116422875, '2009-01-01'),
	('135', 9, 'Paso Cusiana', 'Paso Cusiana', 384, 'Salon Comunal', -72.68820038318631, 5.004123573271521, '2009-01-01'),
	('136', 9, 'Yaguaros', 'Vereda Yaguaros', 384, 'Escuela', -72.67661055803296, 4.95634138837843, '2009-01-01'),
	('140', 9, 'Paso Cusiana', 'Paso Cusiana', 370, 'Vereda Monterralo', 0, 0, '2013-04-15'),
	('2', 9, 'La Florida', 'La Florida', 370, 'Finca de Don Jose', -72.51211336135862, 5.3107567765501855, '2009-01-01'),
	('201', 9, 'Banco Comunal Monterralo', 'Monterralo', 388, 'Vereda Monterralo', -72.67336776733396, 5.226565403324827, '2008-01-01'),
	('202', 9, 'Aguablanca', 'Aguablanca', 384, 'Centro', 0, 0, '2013-04-15'),
	('301', 9, 'La Reserva', 'La Reserva', 370, 'Finca De Don Jaime Caceres', -72.26944854736325, 5.4300664617274705, '2013-05-14'),
	('401', 9, 'El Charte', 'El Charte', 388, 'Cerca al puente.', -72.48471191406247, 5.260518959041041, '2013-04-15');
/*!40000 ALTER TABLE `banco` ENABLE KEYS */;


-- Volcando estructura para vista bancos.bancoextend
DROP VIEW IF EXISTS `bancoextend`;
-- Creando tabla temporal para superar errores de dependencia de VIEW
CREATE TABLE `bancoextend` (
	`Departamento` VARCHAR(50) NOT NULL COLLATE 'utf8_general_ci',
	`Muncipio` VARCHAR(50) NOT NULL COLLATE 'utf8_general_ci',
	`Vereda` VARCHAR(50) NOT NULL COLLATE 'utf8_general_ci',
	`Nombre` VARCHAR(50) NOT NULL COLLATE 'utf8_general_ci',
	`Fecha` DATE NULL
) ENGINE=MyISAM;


-- Volcando estructura para tabla bancos.cargos_directivos
DROP TABLE IF EXISTS `cargos_directivos`;
CREATE TABLE IF NOT EXISTS `cargos_directivos` (
  `id` int(10) NOT NULL AUTO_INCREMENT,
  `nombre_cargo` varchar(50) NOT NULL,
  PRIMARY KEY (`id`)
) ENGINE=InnoDB DEFAULT CHARSET=utf8;

-- Volcando datos para la tabla bancos.cargos_directivos: ~0 rows (aproximadamente)
DELETE FROM `cargos_directivos`;
/*!40000 ALTER TABLE `cargos_directivos` DISABLE KEYS */;
/*!40000 ALTER TABLE `cargos_directivos` ENABLE KEYS */;


-- Volcando estructura para tabla bancos.cargos_empleados
DROP TABLE IF EXISTS `cargos_empleados`;
CREATE TABLE IF NOT EXISTS `cargos_empleados` (
  `id` int(10) NOT NULL AUTO_INCREMENT,
  `nombre_cargo` varchar(50) NOT NULL,
  PRIMARY KEY (`id`)
) ENGINE=InnoDB DEFAULT CHARSET=utf8;

-- Volcando datos para la tabla bancos.cargos_empleados: ~0 rows (aproximadamente)
DELETE FROM `cargos_empleados`;
/*!40000 ALTER TABLE `cargos_empleados` DISABLE KEYS */;
/*!40000 ALTER TABLE `cargos_empleados` ENABLE KEYS */;


-- Volcando estructura para tabla bancos.ci_sessions
DROP TABLE IF EXISTS `ci_sessions`;
CREATE TABLE IF NOT EXISTS `ci_sessions` (
  `session_id` varchar(40) COLLATE utf8_bin NOT NULL DEFAULT '0',
  `ip_address` varchar(16) COLLATE utf8_bin NOT NULL DEFAULT '0',
  `user_agent` varchar(150) COLLATE utf8_bin NOT NULL,
  `last_activity` int(10) unsigned NOT NULL DEFAULT '0',
  `user_data` text COLLATE utf8_bin NOT NULL,
  PRIMARY KEY (`session_id`)
) ENGINE=InnoDB DEFAULT CHARSET=utf8 COLLATE=utf8_bin;

-- Volcando datos para la tabla bancos.ci_sessions: ~0 rows (aproximadamente)
DELETE FROM `ci_sessions`;
/*!40000 ALTER TABLE `ci_sessions` DISABLE KEYS */;
/*!40000 ALTER TABLE `ci_sessions` ENABLE KEYS */;


-- Volcando estructura para tabla bancos.clientes
DROP TABLE IF EXISTS `clientes`;
CREATE TABLE IF NOT EXISTS `clientes` (
  `banco` varchar(10) NOT NULL,
  `persona` varchar(25) NOT NULL,
  `ocupacion` varchar(20) DEFAULT NULL,
  PRIMARY KEY (`banco`,`persona`),
  KEY `clientes_ibfk_2` (`persona`),
  CONSTRAINT `clientes_ibfk_1` FOREIGN KEY (`banco`) REFERENCES `banco` (`id`) ON DELETE CASCADE
) ENGINE=InnoDB DEFAULT CHARSET=utf8;

-- Volcando datos para la tabla bancos.clientes: ~328 rows (aproximadamente)
DELETE FROM `clientes`;
/*!40000 ALTER TABLE `clientes` DISABLE KEYS */;
INSERT INTO `clientes` (`banco`, `persona`, `ocupacion`) VALUES
	('110', '1118542837', ''),
	('110', '23675649', ''),
	('110', '47430988', ''),
	('110', '74860795', ''),
	('110', '74860845', ''),
	('123', '1111212', ''),
	('123', '1129833', ''),
	('123', '9430366', '0'),
	('125', '1072648219', ''),
	('125', '1116543864', ''),
	('125', '1116544175', ''),
	('125', '1116544487', ''),
	('125', '1116548403', ''),
	('125', '1123530624', ''),
	('125', '14247665', ''),
	('125', '23462388', ''),
	('125', '24116693', ''),
	('125', '24226433', ''),
	('125', '24226827', ''),
	('125', '24227211', '.'),
	('125', '24227500', ''),
	('125', '24228543', ''),
	('125', '24228562', ''),
	('125', '24228637', ''),
	('125', '24230897', ''),
	('125', '33625090', ''),
	('125', '33645214', ''),
	('125', '33645235', ''),
	('125', '33645731', ''),
	('125', '33646523', ''),
	('125', '33647101', ''),
	('125', '4088437', ''),
	('125', '74348056', ''),
	('125', '74750263', ''),
	('125', '74750473', ''),
	('125', '74751175', ''),
	('125', '74751268', ''),
	('125', '74751269', ''),
	('125', '74751964', ''),
	('125', '74752114', ''),
	('125', '74752211', ''),
	('125', '74752962', ''),
	('125', '74753276', ''),
	('125', '74754448', ''),
	('125', '74866225', ''),
	('125', '79488053', ''),
	('125', '86015003', ''),
	('125', '86057876', ''),
	('126', '10100547', ''),
	('126', '1010054759', ''),
	('126', '1116543865', ''),
	('126', '1117484562', ''),
	('126', '1125045', ''),
	('126', '1125086', ''),
	('126', '17445003', ''),
	('126', '18506827', ''),
	('126', '23268442', ''),
	('126', '23462396', ''),
	('126', '23740687', ''),
	('126', '23780333', ''),
	('126', '23790090', ''),
	('126', '23795073', ''),
	('126', '24109329', ''),
	('126', '24225626', ''),
	('126', '24225818', ''),
	('126', '24226088', ''),
	('126', '24226979', ''),
	('126', '24227072', ''),
	('126', '24227280', ''),
	('126', '24227428', ''),
	('126', '24229580', ''),
	('126', '24752754', ''),
	('126', '3008681', ''),
	('126', '33635607', ''),
	('126', '33646059', ''),
	('126', '33646413', ''),
	('126', '33646759', ''),
	('126', '40306169', ''),
	('126', '4193461', ''),
	('126', '4297922', ''),
	('126', '46357549', ''),
	('126', '52802686', ''),
	('126', '5910600', ''),
	('126', '63477306', ''),
	('126', '6746826', ''),
	('126', '7363858', ''),
	('126', '74187559', ''),
	('126', '74750219', ''),
	('126', '74750257', ''),
	('126', '74751046', ''),
	('126', '74751443', ''),
	('126', '74752350', ''),
	('126', '74752459', ''),
	('126', '74753012', ''),
	('126', '74753427', ''),
	('126', '74754125', ''),
	('126', '74755026', ''),
	('126', '74756429', ''),
	('126', '74856491', ''),
	('126', '74859926', ''),
	('126', '78292454', ''),
	('126', '86049276', ''),
	('126', '91454563', ''),
	('126', '9511304', ''),
	('126', '9515574', ''),
	('126', '96005743', ''),
	('126', '9658630', ''),
	('135', '24227980', ''),
	('136', '9430', ''),
	('140', '17689016', ''),
	('140', '37923785', ''),
	('201', '1006443619', 'Sin Datos'),
	('201', '1030532822', 'Sin Datos'),
	('201', '1057583889', 'Sin Datos'),
	('201', '1105293', 'Sin Datos'),
	('201', '1115545605', ''),
	('201', '111646571', ''),
	('201', '1116542474', 'Sin Datos'),
	('201', '1116542669', 'Sin Datos'),
	('201', '1116542858', 'Sin Datos'),
	('201', '1116543743', 'Sin Datos'),
	('201', '1116544033', ''),
	('201', '1116544164', ''),
	('201', '1116544297', ''),
	('201', '1116544817', ''),
	('201', '1116544948', ''),
	('201', '1116544977', ''),
	('201', '1116545626', ''),
	('201', '1116546486', ''),
	('201', '1116547239', ''),
	('201', '1116547856', ''),
	('201', '1116547893', ''),
	('201', '1116992089', ''),
	('201', '1118530343', ''),
	('201', '1118530677', 'Sin Datos'),
	('201', '1118533933', ''),
	('201', '1118536094', ''),
	('201', '1118536188', ''),
	('201', '1118536799', ''),
	('201', '1118549307', ''),
	('201', '1124966', ''),
	('201', '11524065', ''),
	('201', '116544486', ''),
	('201', '116549040', ''),
	('201', '19105099', ''),
	('201', '20788790', ''),
	('201', '20795640', ''),
	('201', '20797909', ''),
	('201', '23270325', ''),
	('201', '23546498', ''),
	('201', '23740553', ''),
	('201', '23740622', ''),
	('201', '23835062', ''),
	('201', '23835244', ''),
	('201', '23862114', ''),
	('201', '23862176', ''),
	('201', '23862292', ''),
	('201', '23862343', ''),
	('201', '23862394', ''),
	('201', '23862430', ''),
	('201', '23909723', ''),
	('201', '23943168', ''),
	('201', '23978195', ''),
	('201', '23978323', ''),
	('201', '23978341', ''),
	('201', '23983425', ''),
	('201', '24031021', ''),
	('201', '2422623', ''),
	('201', '24226283', ''),
	('201', '24226364', ''),
	('201', '24226606', ''),
	('201', '24226819', ''),
	('201', '24227283', ''),
	('201', '24227401', ''),
	('201', '24227527', ''),
	('201', '24227549', ''),
	('201', '24227571', ''),
	('201', '24227905', ''),
	('201', '24228026', ''),
	('201', '24228029', ''),
	('201', '24228054', ''),
	('201', '24228128', ''),
	('201', '24228495', ''),
	('201', '24228544', ''),
	('201', '24228601', ''),
	('201', '24228839', ''),
	('201', '24245537', ''),
	('201', '25547334', ''),
	('201', '28268486', ''),
	('201', '3116649', ''),
	('201', '3146836', ''),
	('201', '33446820', ''),
	('201', '33448791', ''),
	('201', '33645153', ''),
	('201', '33645590', ''),
	('201', '33646297', ''),
	('201', '33646557', ''),
	('201', '33646957', ''),
	('201', '39529636', ''),
	('201', '40030617', ''),
	('201', '40040542', ''),
	('201', '4143061', ''),
	('201', '4193421', ''),
	('201', '4193433', ''),
	('201', '4193751', ''),
	('201', '4193800', ''),
	('201', '4193814', ''),
	('201', '4193918', ''),
	('201', '4214564', ''),
	('201', '4226218', ''),
	('201', '4226332', ''),
	('201', '4226496', ''),
	('201', '4237844', ''),
	('201', '4295379', ''),
	('201', '4295413', ''),
	('201', '4298379', ''),
	('201', '46359873', ''),
	('201', '46361379', ''),
	('201', '46369916', ''),
	('201', '46373350', ''),
	('201', '46387407', ''),
	('201', '46670006', ''),
	('201', '47366815', ''),
	('201', '47427193', ''),
	('201', '47430781', ''),
	('201', '47434394', ''),
	('201', '47437040', ''),
	('201', '47438835', ''),
	('201', '51697578', ''),
	('201', '51967763', ''),
	('201', '52415133', ''),
	('201', '52466119', ''),
	('201', '60446407', ''),
	('201', '6771136', ''),
	('201', '6775529', ''),
	('201', '7224308', ''),
	('201', '74081730', ''),
	('201', '74186235', ''),
	('201', '74343047', ''),
	('201', '74343058', ''),
	('201', '74343232', ''),
	('201', '74343239', ''),
	('201', '74343300', ''),
	('201', '74358607', ''),
	('201', '74436453', ''),
	('201', '744754122', ''),
	('201', '74750069', ''),
	('201', '74750270', ''),
	('201', '74750322', ''),
	('201', '74750389', ''),
	('201', '74750448', ''),
	('201', '74750562', ''),
	('201', '74750676', ''),
	('201', '74750839', ''),
	('201', '74750953', ''),
	('201', '74751436', ''),
	('201', '74751622', ''),
	('201', '74751672', ''),
	('201', '74751747', ''),
	('201', '74751801', ''),
	('201', '74751931', ''),
	('201', '74752383', ''),
	('201', '74752638', ''),
	('201', '74752664', ''),
	('201', '74752684', ''),
	('201', '74752775', ''),
	('201', '74752908', ''),
	('201', '74753078', ''),
	('201', '74753080', ''),
	('201', '74753159', ''),
	('201', '74753484', ''),
	('201', '74753607', ''),
	('201', '74753815', ''),
	('201', '74753863', ''),
	('201', '74753868', ''),
	('201', '74754070', 'Sin Datos'),
	('201', '74754240', ''),
	('201', '74754410', ''),
	('201', '74754473', ''),
	('201', '74754560', ''),
	('201', '74754584', ''),
	('201', '74754845', ''),
	('201', '74754856', ''),
	('201', '74754968', ''),
	('201', '74755359', ''),
	('201', '74770939', ''),
	('201', '74848783', ''),
	('201', '74856228', ''),
	('201', '76304073', ''),
	('201', '79781357', ''),
	('201', '79893943', ''),
	('201', '800', ''),
	('201', '91014033', ''),
	('201', '91486930', ''),
	('201', '9395233', ''),
	('201', '9395722', ''),
	('201', '9397118', ''),
	('201', '94101311460', ''),
	('201', '94110216895', ''),
	('201', '9432663', 'Otalora'),
	('201', '9434417', ''),
	('201', '9526370', ''),
	('201', '9650582', ''),
	('201', '9650882', ''),
	('201', '9652040', ''),
	('201', '96537096', ''),
	('202', '1002721762', ''),
	('202', '23467366', ''),
	('202', '33625594', ''),
	('202', '40438758', ''),
	('202', '52258003', ''),
	('202', '748455133', ''),
	('202', '74845728', ''),
	('202', '74856728', ''),
	('202', '9396804', ''),
	('202', '9511503', ''),
	('202', '9630081', ''),
	('301', 'Inventada', ''),
	('401', '1118532377', ''),
	('401', '17589771', ''),
	('401', '23397677', ''),
	('401', '23575889', ''),
	('401', '23741926', ''),
	('401', '33481025', ''),
	('401', '47439797', ''),
	('401', '47440977', ''),
	('401', '63511321', ''),
	('401', '96192614', '');
/*!40000 ALTER TABLE `clientes` ENABLE KEYS */;


-- Volcando estructura para tabla bancos.creditos
DROP TABLE IF EXISTS `creditos`;
CREATE TABLE IF NOT EXISTS `creditos` (
  `banco` varchar(10) NOT NULL,
  `persona` varchar(25) NOT NULL,
  `id_credito` int(30) NOT NULL AUTO_INCREMENT,
  `monto` decimal(20,0) NOT NULL,
  `plazo` int(3) NOT NULL,
  `linea_credito` int(2) NOT NULL,
  `periodo_intereses` int(3) NOT NULL,
  `periodo_capital` int(3) NOT NULL,
  `fecha_registro` timestamp NULL DEFAULT CURRENT_TIMESTAMP,
  `transaccion` int(30) NOT NULL,
  PRIMARY KEY (`persona`,`banco`,`id_credito`),
  KEY `cred` (`id_credito`),
  KEY `creditos_ibfk_1` (`banco`),
  KEY `creditos_ibfk_3` (`linea_credito`),
  KEY `FK_creditos_transacciones` (`transaccion`),
  CONSTRAINT `creditos_ibfk_1` FOREIGN KEY (`banco`) REFERENCES `banco` (`id`) ON DELETE NO ACTION ON UPDATE NO ACTION,
  CONSTRAINT `creditos_ibfk_3` FOREIGN KEY (`linea_credito`) REFERENCES `linea_credito` (`id`) ON DELETE NO ACTION ON UPDATE NO ACTION,
  CONSTRAINT `FK_creditos_clientes` FOREIGN KEY (`persona`) REFERENCES `clientes` (`persona`) ON DELETE NO ACTION ON UPDATE NO ACTION,
  CONSTRAINT `FK_creditos_transacciones` FOREIGN KEY (`transaccion`) REFERENCES `transacciones` (`id`) ON DELETE CASCADE ON UPDATE CASCADE
) ENGINE=InnoDB AUTO_INCREMENT=222 DEFAULT CHARSET=utf8;

-- Volcando datos para la tabla bancos.creditos: ~200 rows (aproximadamente)
DELETE FROM `creditos`;
/*!40000 ALTER TABLE `creditos` DISABLE KEYS */;
INSERT INTO `creditos` (`banco`, `persona`, `id_credito`, `monto`, `plazo`, `linea_credito`, `periodo_intereses`, `periodo_capital`, `fecha_registro`, `transaccion`) VALUES
	('202', '1002721762', 99, 1200000, 24, 11, 6, 12, '2013-04-23 15:03:17', 499),
	('201', '1006443619', 13, 3000000, 18, 1, 1, 18, '2013-03-26 14:19:18', 67),
	('126', '1010054759', 211, 1500000, 18, 1, 1, 9, '2013-05-31 12:30:26', 878),
	('201', '1057583889', 15, 3000000, 18, 1, 1, 6, '2013-03-26 14:36:03', 76),
	('125', '1072648219', 25, 1000000, 12, 7, 1, 6, '2013-03-28 16:18:21', 108),
	('201', '1105293', 14, 1500000, 12, 1, 1, 12, '2013-03-26 14:30:14', 71),
	('123', '1111212', 220, 5000000, 36, 1, 1, 1, '2013-08-26 18:11:11', 944),
	('201', '1116542669', 16, 3000000, 18, 1, 1, 18, '2013-03-26 14:41:17', 82),
	('201', '1116542858', 17, 1500000, 12, 1, 1, 1, '2013-03-26 14:44:05', 84),
	('201', '1116543743', 18, 1000000, 12, 1, 1, 12, '2013-03-26 14:45:02', 85),
	('125', '1116543864', 26, 2000000, 12, 7, 1, 6, '2013-03-28 16:21:51', 112),
	('126', '1116543865', 190, 600000, 12, 1, 1, 6, '2013-05-09 14:00:31', 811),
	('201', '1116544164', 19, 3000000, 18, 1, 1, 18, '2013-03-26 14:46:37', 87),
	('125', '1116544175', 27, 1500000, 12, 7, 1, 6, '2013-03-28 16:26:37', 116),
	('201', '1116544297', 20, 3000000, 18, 1, 1, 18, '2013-03-26 14:47:47', 89),
	('125', '1116544487', 28, 2000000, 12, 7, 1, 6, '2013-03-28 16:28:49', 117),
	('201', '1116544817', 22, 3000000, 18, 1, 1, 18, '2013-03-26 14:50:07', 93),
	('201', '1116544948', 23, 3000000, 18, 1, 1, 18, '2013-03-26 14:50:56', 94),
	('201', '1116544977', 24, 3000000, 18, 1, 1, 1, '2013-03-26 14:58:23', 101),
	('125', '1116548403', 29, 1500000, 12, 6, 1, 6, '2013-03-28 16:40:21', 129),
	('126', '1117484562', 173, 1800000, 18, 1, 1, 9, '2013-05-09 13:25:59', 769),
	('126', '1117484562', 174, 3000000, 36, 1, 1, 18, '2013-05-09 13:27:36', 773),
	('401', '1118532377', 195, 1000000, 4, 1, 1, 1, '2013-05-30 21:15:37', 827),
	('110', '1118542837', 216, 1500000, 18, 1, 1, 1, '2013-08-25 11:07:20', 897),
	('125', '1123530624', 30, 2000000, 12, 7, 1, 6, '2013-03-28 16:43:53', 133),
	('126', '1125045', 172, 2000000, 24, 1, 1, 12, '2013-05-09 13:23:46', 767),
	('126', '1125086', 171, 2000000, 24, 1, 1, 12, '2013-05-09 13:20:53', 759),
	('123', '1129833', 212, 2000000, 12, 1, 3, 12, '2013-07-09 07:04:16', 885),
	('201', '116544486', 21, 1500000, 12, 1, 1, 12, '2013-03-26 14:49:24', 92),
	('125', '14247665', 31, 2000000, 12, 7, 1, 6, '2013-03-28 16:45:57', 137),
	('125', '14247665', 32, 1500000, 12, 6, 1, 6, '2013-03-28 16:49:59', 141),
	('126', '17445003', 168, 1500000, 18, 1, 1, 9, '2013-05-09 13:16:14', 746),
	('126', '17445003', 209, 1500000, 18, 1, 1, 9, '2013-05-31 12:18:37', 873),
	('401', '17589771', 198, 1000000, 10, 1, 1, 1, '2013-05-30 21:20:30', 830),
	('140', '17689016', 93, 2000000, 6, 10, 1, 1, '2013-04-16 15:10:16', 485),
	('126', '18506827', 167, 1500000, 18, 1, 1, 9, '2013-05-09 13:14:46', 744),
	('126', '23268442', 143, 2500000, 24, 1, 1, 12, '2013-05-09 12:02:55', 654),
	('126', '23268442', 144, 3000000, 36, 1, 1, 12, '2013-05-09 12:05:38', 662),
	('401', '23397677', 194, 1000000, 12, 1, 1, 1, '2013-05-30 21:14:02', 826),
	('125', '23462388', 33, 1500000, 12, 7, 1, 6, '2013-03-28 16:55:44', 143),
	('126', '23462396', 142, 1500000, 18, 1, 1, 9, '2013-05-09 12:00:33', 650),
	('202', '23467366', 105, 2000000, 24, 11, 6, 12, '2013-04-23 15:52:05', 513),
	('401', '23575889', 192, 1000000, 12, 1, 1, 1, '2013-05-30 20:54:15', 824),
	('110', '23675649', 217, 1500000, 18, 1, 1, 1, '2013-08-25 11:21:32', 907),
	('126', '23740687', 123, 2000000, 24, 1, 1, 6, '2013-05-09 11:03:34', 573),
	('126', '23740687', 124, 2000000, 24, 1, 1, 1, '2013-05-09 11:08:45', 581),
	('401', '23741926', 201, 1000000, 12, 1, 1, 1, '2013-05-30 21:26:47', 833),
	('126', '23780333', 126, 500000, 9, 1, 1, 6, '2013-05-09 11:17:12', 591),
	('126', '23780333', 127, 200000, 6, 1, 1, 6, '2013-05-09 11:19:34', 596),
	('126', '23780333', 128, 2000000, 24, 1, 1, 12, '2013-05-09 11:20:49', 598),
	('126', '23790090', 170, 3000000, 36, 1, 1, 18, '2013-05-09 13:18:24', 750),
	('126', '23795073', 164, 2500000, 30, 1, 1, 15, '2013-05-09 13:10:01', 735),
	('126', '24109329', 151, 2500000, 36, 1, 1, 6, '2013-05-09 12:27:10', 687),
	('126', '24109329', 152, 1500000, 18, 1, 1, 9, '2013-05-09 12:28:26', 691),
	('125', '24116693', 34, 2000000, 12, 6, 1, 6, '2013-03-28 17:03:18', 151),
	('125', '24116693', 35, 1500000, 12, 6, 1, 6, '2013-03-28 17:06:01', 154),
	('126', '24225626', 163, 2500000, 30, 1, 1, 15, '2013-05-09 13:05:22', 724),
	('126', '24225818', 119, 2500000, 30, 1, 1, 15, '2013-05-08 20:44:41', 562),
	('126', '24225818', 120, 1500000, 18, 1, 1, 9, '2013-05-08 20:46:58', 567),
	('126', '24225818', 122, 1500000, 18, 1, 1, 9, '2013-05-08 20:49:34', 572),
	('126', '24225818', 207, 3000000, 36, 1, 1, 18, '2013-05-31 11:19:36', 850),
	('126', '24226088', 203, 800000, 12, 1, 1, 6, '2013-05-31 11:01:09', 839),
	('126', '24226088', 204, 1500000, 18, 1, 1, 9, '2013-05-31 11:04:16', 844),
	('126', '24226088', 205, 2500000, 30, 1, 1, 15, '2013-05-31 11:07:24', 848),
	('126', '24226088', 206, 1500000, 18, 1, 1, 9, '2013-05-31 11:09:49', 849),
	('125', '24226433', 36, 2000000, 12, 7, 1, 6, '2013-03-28 17:08:01', 157),
	('125', '24226827', 37, 1500000, 12, 7, 1, 6, '2013-03-28 17:13:35', 163),
	('126', '24226979', 178, 2500000, 30, 1, 1, 15, '2013-05-09 13:35:54', 780),
	('126', '24227072', 179, 1000000, 12, 1, 1, 6, '2013-05-09 13:37:05', 782),
	('126', '24227072', 180, 2000000, 24, 1, 1, 12, '2013-05-09 13:38:01', 786),
	('125', '24227211', 38, 2000000, 12, 6, 1, 6, '2013-03-28 17:17:20', 170),
	('126', '24227280', 181, 1500000, 18, 1, 1, 9, '2013-05-09 13:39:30', 788),
	('126', '24227428', 154, 2000000, 24, 1, 1, 12, '2013-05-09 12:32:10', 696),
	('126', '24227428', 155, 1500000, 18, 1, 1, 9, '2013-05-09 12:33:27', 701),
	('126', '24227428', 156, 3000000, 36, 1, 1, 6, '2013-05-09 12:35:46', 704),
	('125', '24227500', 39, 2000000, 12, 7, 1, 6, '2013-03-28 17:19:03', 173),
	('125', '24228543', 40, 2000000, 12, 6, 1, 6, '2013-03-28 17:49:11', 182),
	('125', '24228562', 41, 2000000, 12, 7, 1, 6, '2013-03-28 17:51:42', 185),
	('125', '24228637', 42, 2000000, 12, 7, 1, 6, '2013-03-28 17:52:17', 186),
	('126', '24229580', 78, 800000, 12, 1, 1, 6, '2013-04-15 16:53:30', 389),
	('126', '24229580', 79, 1500000, 18, 1, 1, 9, '2013-04-15 17:01:32', 399),
	('126', '24229580', 80, 1000000, 12, 1, 1, 6, '2013-04-15 17:06:49', 407),
	('125', '24230897', 43, 2000000, 12, 7, 1, 6, '2013-03-28 17:57:16', 192),
	('126', '24752754', 109, 700000, 8, 1, 1, 4, '2013-05-08 18:01:42', 519),
	('126', '24752754', 110, 2500000, 30, 1, 1, 15, '2013-05-08 18:35:23', 524),
	('126', '3008681', 186, 2000000, 24, 1, 1, 12, '2013-05-09 13:55:43', 801),
	('126', '3008681', 187, 1500000, 18, 1, 1, 9, '2013-05-09 13:56:19', 803),
	('401', '33481025', 199, 1000000, 12, 1, 1, 1, '2013-05-30 21:22:19', 831),
	('125', '33625090', 44, 1500000, 12, 7, 1, 6, '2013-03-28 18:02:41', 202),
	('202', '33625594', 103, 3000000, 24, 11, 6, 12, '2013-04-23 15:38:33', 510),
	('126', '33635607', 114, 400000, 12, 1, 1, 6, '2013-05-08 20:12:04', 539),
	('125', '33645214', 45, 2000000, 12, 7, 1, 6, '2013-03-28 18:05:28', 208),
	('125', '33645235', 46, 1500000, 12, 7, 12, 1, '2013-03-28 18:07:17', 212),
	('125', '33645731', 47, 1000000, 12, 7, 1, 6, '2013-03-28 18:10:24', 219),
	('126', '33646059', 111, 400000, 12, 1, 1, 6, '2013-05-08 18:41:26', 528),
	('126', '33646059', 112, 1600000, 18, 1, 1, 9, '2013-05-08 18:44:20', 532),
	('126', '33646059', 113, 2000000, 24, 1, 1, 12, '2013-05-08 18:45:21', 534),
	('126', '33646413', 157, 700000, 12, 1, 1, 6, '2013-05-09 12:36:53', 705),
	('125', '33646523', 48, 2000000, 12, 7, 1, 6, '2013-03-28 18:13:02', 223),
	('126', '33646759', 184, 2000000, 24, 1, 1, 12, '2013-05-09 13:52:24', 796),
	('126', '33646759', 185, 1500000, 18, 1, 1, 9, '2013-05-09 13:54:43', 800),
	('125', '33647101', 49, 2000000, 12, 6, 1, 6, '2013-03-28 18:17:43', 235),
	('140', '37923785', 92, 2500000, 12, 10, 1, 1, '2013-04-16 14:15:14', 472),
	('126', '40306169', 145, 700000, 12, 1, 1, 6, '2013-05-09 12:07:14', 665),
	('126', '40306169', 146, 1000000, 12, 1, 1, 6, '2013-05-09 12:08:17', 669),
	('202', '40438758', 102, 2500000, 24, 11, 6, 12, '2013-04-23 15:20:37', 506),
	('125', '4088437', 50, 2000000, 12, 7, 1, 6, '2013-03-28 18:18:43', 237),
	('125', '4088437', 51, 1500000, 12, 6, 1, 6, '2013-03-28 18:21:43', 244),
	('126', '4193461', 115, 1000000, 12, 1, 1, 6, '2013-05-08 20:17:27', 545),
	('126', '4297922', 158, 2000000, 24, 1, 1, 6, '2013-05-09 12:38:28', 708),
	('126', '46357549', 188, 1000000, 12, 1, 1, 6, '2013-05-09 13:57:23', 804),
	('110', '47430988', 219, 1500000, 12, 1, 1, 1, '2013-08-25 11:52:09', 930),
	('401', '47439797', 193, 700000, 12, 1, 1, 1, '2013-05-30 21:12:55', 825),
	('401', '47440977', 196, 1000000, 12, 1, 1, 1, '2013-05-30 21:17:42', 828),
	('202', '52258003', 106, 2500000, 24, 11, 6, 12, '2013-04-23 15:56:43', 514),
	('126', '52802686', 208, 2000000, 24, 1, 1, 12, '2013-05-31 11:23:09', 852),
	('126', '5910600', 177, 2000000, 24, 1, 1, 12, '2013-05-09 13:31:39', 779),
	('126', '63477306', 175, 1000000, 12, 1, 1, 6, '2013-05-09 13:29:31', 776),
	('126', '63477306', 176, 1000000, 12, 1, 1, 6, '2013-05-09 13:30:43', 778),
	('401', '63511321', 197, 1000000, 10, 1, 1, 1, '2013-05-30 21:19:01', 829),
	('126', '6746826', 166, 1500000, 18, 1, 1, 9, '2013-05-09 13:13:09', 740),
	('126', '7363858', 153, 2500000, 36, 1, 1, 6, '2013-05-09 12:29:26', 692),
	('126', '74187559', 165, 2000000, 24, 1, 1, 12, '2013-05-09 13:12:08', 739),
	('125', '74348056', 52, 1000000, 9, 7, 1, 5, '2013-03-28 18:23:32', 247),
	('126', '74750219', 125, 2000000, 24, 1, 1, 12, '2013-05-09 11:12:29', 587),
	('126', '74750257', 72, 500000, 6, 1, 1, 6, '2013-04-15 16:00:21', 361),
	('126', '74750257', 73, 2000000, 24, 1, 1, 12, '2013-04-15 16:18:13', 368),
	('126', '74750257', 74, 1500000, 18, 1, 1, 9, '2013-04-15 16:26:17', 375),
	('125', '74750263', 53, 2000000, 12, 7, 1, 6, '2013-03-28 18:27:05', 251),
	('125', '74750473', 54, 1500000, 24, 6, 1, 12, '2013-03-28 18:28:40', 254),
	('125', '74750473', 55, 2000000, 12, 7, 1, 6, '2013-03-28 18:29:36', 256),
	('126', '74751046', 129, 2000000, 24, 1, 1, 12, '2013-05-09 11:25:07', 599),
	('126', '74751046', 130, 2500000, 30, 1, 1, 15, '2013-05-09 11:26:44', 604),
	('125', '74751175', 56, 2000000, 12, 7, 1, 6, '2013-03-28 18:32:29', 262),
	('125', '74751175', 57, 1500000, 12, 6, 1, 6, '2013-03-28 18:35:49', 270),
	('125', '74751268', 58, 1500000, 12, 7, 1, 6, '2013-03-28 18:37:58', 274),
	('125', '74751269', 59, 2000000, 12, 7, 1, 6, '2013-03-28 18:40:22', 279),
	('126', '74751443', 182, 1500000, 18, 1, 1, 9, '2013-05-09 13:49:52', 791),
	('126', '74751443', 183, 1500000, 18, 1, 1, 9, '2013-05-09 13:51:08', 795),
	('125', '74751964', 60, 2000000, 12, 7, 1, 6, '2013-03-28 18:44:27', 288),
	('125', '74752114', 61, 2000000, 12, 7, 1, 6, '2013-03-28 18:45:45', 291),
	('125', '74752211', 62, 1500000, 12, 6, 1, 6, '2013-03-28 18:48:58', 298),
	('125', '74752211', 63, 2000000, 12, 7, 1, 6, '2013-03-28 18:50:26', 301),
	('126', '74752350', 139, 1000000, 12, 1, 1, 6, '2013-05-09 11:53:43', 641),
	('126', '74752350', 140, 3000000, 36, 1, 1, 18, '2013-05-09 11:54:49', 644),
	('126', '74752459', 134, 1500000, 18, 1, 1, 9, '2013-05-09 11:35:01', 614),
	('125', '74752962', 64, 2000000, 12, 7, 1, 6, '2013-03-28 18:55:50', 315),
	('126', '74753012', 86, 700000, 12, 1, 1, 6, '2013-04-15 17:34:05', 442),
	('126', '74753012', 87, 1000000, 12, 1, 1, 6, '2013-04-15 17:37:04', 449),
	('126', '74753012', 88, 2500000, 30, 1, 1, 15, '2013-04-15 17:39:25', 452),
	('126', '74753012', 89, 3000000, 36, 1, 1, 18, '2013-04-15 17:43:58', 460),
	('125', '74753276', 65, 2000000, 12, 7, 1, 6, '2013-03-28 18:56:50', 317),
	('126', '74753427', 148, 800000, 12, 1, 1, 6, '2013-05-09 12:21:53', 674),
	('126', '74754125', 131, 700000, 6, 1, 1, 6, '2013-05-09 11:29:02', 607),
	('126', '74754125', 132, 1000000, 12, 1, 1, 6, '2013-05-09 11:30:05', 610),
	('126', '74754125', 133, 3000000, 36, 1, 1, 18, '2013-05-09 11:31:31', 613),
	('125', '74754448', 66, 1500000, 12, 7, 1, 6, '2013-03-28 18:59:34', 324),
	('125', '74754448', 67, 1500000, 12, 6, 1, 6, '2013-03-28 19:05:03', 336),
	('126', '74755026', 147, 600000, 12, 1, 1, 6, '2013-05-09 12:20:26', 671),
	('126', '74756429', 159, 1000000, 12, 1, 1, 6, '2013-05-09 12:39:52', 710),
	('126', '74756429', 160, 2000000, 24, 1, 1, 6, '2013-05-09 12:42:32', 716),
	('202', '748455133', 104, 1500000, 24, 11, 6, 12, '2013-04-23 15:42:45', 511),
	('202', '74845728', 101, 1500000, 24, 11, 6, 12, '2013-04-23 15:14:18', 503),
	('126', '74856491', 161, 2500000, 36, 1, 1, 6, '2013-05-09 12:44:05', 720),
	('126', '74856491', 162, 3000000, 36, 1, 1, 6, '2013-05-09 12:44:58', 723),
	('202', '74856728', 100, 2000000, 24, 11, 6, 12, '2013-04-23 15:09:36', 502),
	('126', '74859926', 135, 1500000, 18, 1, 1, 9, '2013-05-09 11:42:53', 619),
	('110', '74860795', 215, 1000000, 12, 1, 1, 1, '2013-08-25 10:56:17', 893),
	('110', '74860845', 218, 1500000, 18, 1, 1, 1, '2013-08-25 11:38:05', 918),
	('125', '74866225', 68, 2000000, 12, 7, 1, 1, '2013-03-28 19:06:07', 338),
	('126', '78292454', 141, 1000000, 12, 1, 1, 6, '2013-05-09 11:57:11', 645),
	('125', '79488053', 69, 1500000, 12, 6, 1, 6, '2013-03-28 19:08:14', 343),
	('125', '86015003', 70, 1500000, 12, 7, 1, 6, '2013-03-28 19:09:40', 346),
	('126', '86049276', 75, 800000, 12, 1, 1, 6, '2013-04-15 16:40:08', 380),
	('126', '86049276', 76, 2500000, 30, 1, 1, 15, '2013-04-15 16:44:49', 385),
	('126', '86049276', 77, 3000000, 36, 1, 1, 18, '2013-04-15 16:50:46', 388),
	('125', '86057876', 71, 2000000, 12, 7, 1, 6, '2013-03-28 19:15:21', 350),
	('126', '91454563', 116, 800000, 12, 1, 1, 6, '2013-05-08 20:23:07', 553),
	('126', '91454563', 118, 2500000, 24, 1, 1, 12, '2013-05-08 20:27:17', 561),
	('202', '9396804', 96, 2500000, 24, 11, 6, 12, '2013-04-23 14:48:27', 496),
	('123', '9430366', 10, 1000000, 24, 1, 1, 5, '2013-03-18 10:51:29', 58),
	('123', '9430366', 94, 1000000, 12, 5, 1, 1, '2013-04-18 20:20:18', 492),
	('123', '9430366', 108, 10000000, 60, 1, 1, 1, '2013-04-25 09:26:48', 518),
	('123', '9430366', 214, 1000000, 2, 1, 2, 2, '2013-08-09 17:49:54', 891),
	('123', '9430366', 221, 1000000, 12, 1, 1, 3, '2013-09-04 21:49:56', 957),
	('126', '9511304', 136, 1500000, 18, 1, 1, 9, '2013-05-09 11:44:48', 622),
	('126', '9511304', 137, 2000000, 24, 1, 1, 12, '2013-05-09 11:46:54', 629),
	('126', '9511304', 138, 1500000, 18, 1, 1, 9, '2013-05-09 11:51:07', 637),
	('202', '9511503', 97, 2500000, 24, 11, 6, 12, '2013-04-23 14:54:37', 497),
	('202', '9511503', 98, 1500000, 24, 11, 6, 12, '2013-04-23 14:57:44', 498),
	('126', '9515574', 81, 500000, 12, 1, 1, 6, '2013-04-15 17:11:59', 414),
	('126', '9515574', 82, 2000000, 24, 1, 1, 12, '2013-04-15 17:21:06', 422),
	('126', '9515574', 83, 1000000, 12, 1, 1, 6, '2013-04-15 17:25:33', 432),
	('126', '9515574', 84, 1500000, 18, 1, 1, 9, '2013-04-15 17:27:37', 437),
	('126', '9515574', 85, 1500000, 18, 1, 1, 9, '2013-04-15 17:30:48', 441),
	('126', '96005743', 189, 500000, 6, 1, 1, 3, '2013-05-09 13:59:24', 809),
	('401', '96192614', 200, 1000000, 12, 1, 1, 1, '2013-05-30 21:23:30', 832),
	('202', '9630081', 95, 1500000, 24, 11, 6, 12, '2013-04-23 14:38:57', 495),
	('126', '9658630', 149, 1500000, 18, 1, 1, 9, '2013-05-09 12:23:27', 677),
	('126', '9658630', 150, 2000000, 24, 1, 1, 12, '2013-05-09 12:25:22', 684);
/*!40000 ALTER TABLE `creditos` ENABLE KEYS */;


-- Volcando estructura para tabla bancos.departamentos
DROP TABLE IF EXISTS `departamentos`;
CREATE TABLE IF NOT EXISTS `departamentos` (
  `id` int(10) NOT NULL,
  `nombre` varchar(50) NOT NULL,
  PRIMARY KEY (`id`)
) ENGINE=InnoDB DEFAULT CHARSET=utf8;

-- Volcando datos para la tabla bancos.departamentos: ~32 rows (aproximadamente)
DELETE FROM `departamentos`;
/*!40000 ALTER TABLE `departamentos` DISABLE KEYS */;
INSERT INTO `departamentos` (`id`, `nombre`) VALUES
	(1, 'Amazonas'),
	(2, 'Antioquia'),
	(3, 'Arauca'),
	(4, 'Atlántico'),
	(5, 'Bolívar'),
	(6, 'Boyacá'),
	(7, 'Caldas'),
	(8, 'Caquetá'),
	(9, 'Casanare'),
	(10, 'Cauca'),
	(11, 'Cesar'),
	(12, 'Chocó'),
	(13, 'Córdoba'),
	(14, 'Cundinamarca'),
	(15, 'Güainia'),
	(16, 'Guaviare'),
	(17, 'Huila'),
	(18, 'La Guajira'),
	(19, 'Magdalena'),
	(20, 'Meta'),
	(21, 'Nariño'),
	(22, 'Norte de Santander'),
	(23, 'Putumayo'),
	(24, 'Quindio'),
	(25, 'Risaralda'),
	(26, 'San Andrés y Providencia'),
	(27, 'Santander'),
	(28, 'Sucre'),
	(29, 'Tolima'),
	(30, 'Valle del Cauca'),
	(31, 'Vaupés'),
	(32, 'Vichada');
/*!40000 ALTER TABLE `departamentos` ENABLE KEYS */;


-- Volcando estructura para tabla bancos.directivos
DROP TABLE IF EXISTS `directivos`;
CREATE TABLE IF NOT EXISTS `directivos` (
  `banco` varchar(10) NOT NULL DEFAULT '',
  `persona` varchar(25) NOT NULL,
  `cargo` int(10) NOT NULL,
  `fecha_ingreso` date DEFAULT NULL,
  `fecha_salida` date DEFAULT NULL,
  PRIMARY KEY (`persona`,`banco`),
  KEY `banco` (`banco`),
  KEY `cargo` (`cargo`),
  CONSTRAINT `directivos_ibfk_1` FOREIGN KEY (`banco`) REFERENCES `banco` (`id`),
  CONSTRAINT `directivos_ibfk_3` FOREIGN KEY (`cargo`) REFERENCES `cargos_directivos` (`id`),
  CONSTRAINT `FK_directivos_personas` FOREIGN KEY (`persona`) REFERENCES `personas` (`id`)
) ENGINE=InnoDB DEFAULT CHARSET=utf8;

-- Volcando datos para la tabla bancos.directivos: ~0 rows (aproximadamente)
DELETE FROM `directivos`;
/*!40000 ALTER TABLE `directivos` DISABLE KEYS */;
/*!40000 ALTER TABLE `directivos` ENABLE KEYS */;


-- Volcando estructura para tabla bancos.empleados
DROP TABLE IF EXISTS `empleados`;
CREATE TABLE IF NOT EXISTS `empleados` (
  `banco` varchar(10) NOT NULL DEFAULT '',
  `persona` varchar(25) NOT NULL,
  `cargo` int(10) NOT NULL,
  `fecha_ingreso` date DEFAULT NULL,
  `fecha_salida` date DEFAULT NULL,
  PRIMARY KEY (`persona`,`banco`),
  KEY `banco` (`banco`),
  KEY `cargo` (`cargo`),
  CONSTRAINT `empleados_ibfk_1` FOREIGN KEY (`banco`) REFERENCES `banco` (`id`),
  CONSTRAINT `empleados_ibfk_3` FOREIGN KEY (`cargo`) REFERENCES `cargos_empleados` (`id`),
  CONSTRAINT `FK_empleados_personas` FOREIGN KEY (`persona`) REFERENCES `personas` (`id`)
) ENGINE=InnoDB DEFAULT CHARSET=utf8;

-- Volcando datos para la tabla bancos.empleados: ~0 rows (aproximadamente)
DELETE FROM `empleados`;
/*!40000 ALTER TABLE `empleados` DISABLE KEYS */;
/*!40000 ALTER TABLE `empleados` ENABLE KEYS */;


-- Volcando estructura para tabla bancos.externos
DROP TABLE IF EXISTS `externos`;
CREATE TABLE IF NOT EXISTS `externos` (
  `id` int(11) NOT NULL AUTO_INCREMENT,
  `persona` varchar(25) NOT NULL,
  `entidad` varchar(40) DEFAULT NULL,
  `funcion` varchar(50) DEFAULT NULL,
  PRIMARY KEY (`id`),
  KEY `persona` (`persona`)
) ENGINE=InnoDB DEFAULT CHARSET=utf8;

-- Volcando datos para la tabla bancos.externos: ~0 rows (aproximadamente)
DELETE FROM `externos`;
/*!40000 ALTER TABLE `externos` DISABLE KEYS */;
/*!40000 ALTER TABLE `externos` ENABLE KEYS */;


-- Volcando estructura para tabla bancos.externos_banco
DROP TABLE IF EXISTS `externos_banco`;
CREATE TABLE IF NOT EXISTS `externos_banco` (
  `banco` varchar(10) NOT NULL,
  `funcionario_externo` int(11) NOT NULL DEFAULT '0',
  `fecha_ingreso` date DEFAULT NULL,
  `fecha_salida` date DEFAULT NULL,
  PRIMARY KEY (`banco`,`funcionario_externo`),
  KEY `funcionario_externo` (`funcionario_externo`),
  CONSTRAINT `externos_banco_ibfk_1` FOREIGN KEY (`banco`) REFERENCES `banco` (`id`),
  CONSTRAINT `externos_banco_ibfk_2` FOREIGN KEY (`funcionario_externo`) REFERENCES `externos` (`id`)
) ENGINE=InnoDB DEFAULT CHARSET=utf8;

-- Volcando datos para la tabla bancos.externos_banco: ~0 rows (aproximadamente)
DELETE FROM `externos_banco`;
/*!40000 ALTER TABLE `externos_banco` DISABLE KEYS */;
/*!40000 ALTER TABLE `externos_banco` ENABLE KEYS */;


-- Volcando estructura para tabla bancos.linea_credito
DROP TABLE IF EXISTS `linea_credito`;
CREATE TABLE IF NOT EXISTS `linea_credito` (
  `banco` varchar(10) NOT NULL,
  `id` int(2) NOT NULL AUTO_INCREMENT,
  `nombre` varchar(20) NOT NULL,
  `int_corriente` double NOT NULL,
  `tipo_cobro_papel` int(1) NOT NULL,
  `papeleria` decimal(10,0) DEFAULT NULL,
  `tipo_cobro_seg` int(1) NOT NULL,
  `seguro` decimal(10,0) DEFAULT NULL,
  `int_mora` double NOT NULL,
  `max_plazo` int(11) NOT NULL,
  `min_plazo` int(3) NOT NULL,
  `max_monto` int(3) NOT NULL,
  `min_monto` int(3) NOT NULL,
  PRIMARY KEY (`id`,`banco`),
  KEY `banco` (`banco`),
  CONSTRAINT `linea_credito_ibfk_1` FOREIGN KEY (`banco`) REFERENCES `banco` (`id`)
) ENGINE=InnoDB AUTO_INCREMENT=13 DEFAULT CHARSET=utf8;

-- Volcando datos para la tabla bancos.linea_credito: ~15 rows (aproximadamente)
DELETE FROM `linea_credito`;
/*!40000 ALTER TABLE `linea_credito` DISABLE KEYS */;
INSERT INTO `linea_credito` (`banco`, `id`, `nombre`, `int_corriente`, `tipo_cobro_papel`, `papeleria`, `tipo_cobro_seg`, `seguro`, `int_mora`, `max_plazo`, `min_plazo`, `max_monto`, `min_monto`) VALUES
	('110', 1, 'Productiva', 1, 0, NULL, 0, NULL, 1, 0, 0, 0, 0),
	('123', 1, 'Proyecto', 1, 0, 1, 0, NULL, 0, 0, 0, 0, 0),
	('126', 1, 'Proyectos', 1, 0, NULL, 0, NULL, 1, 0, 0, 0, 0),
	('130', 1, 'creditos', 1, 1, 10000, 1, 120000, 2, 0, 0, 0, 0),
	('201', 1, 'Productiva', 1, 0, 1, 0, NULL, 2, 36, 1, 3000000, 300000),
	('401', 1, 'Proyectos', 1, 0, NULL, 0, NULL, 2, 0, 0, 0, 0),
	('135', 2, 'creditos', 1, 1, 10000, 1, 120000, 0, 0, 0, 0, 0),
	('123', 5, 'creditos', 1, 1, 12000, 1, 120000, 2, 0, 0, 0, 0),
	('125', 6, 'Proyectos', 1, 0, NULL, 0, NULL, 2, 0, 0, 0, 0),
	('125', 7, 'Antigua', 1, 0, NULL, 0, NULL, 0, 0, 0, 0, 0),
	('126', 8, 'Sin Mora', 1, 0, NULL, 0, NULL, 0, 0, 0, 0, 0),
	('136', 9, 'Proyectos', 1, 0, NULL, 0, NULL, 1, 0, 0, 0, 0),
	('140', 10, 'proyectos', 1, 0, NULL, 0, NULL, 2, 0, 0, 0, 0),
	('202', 11, 'Proyectos', 1, 0, NULL, 0, NULL, 2, 0, 0, 0, 0),
	('301', 12, 'Proyectos', 1, 0, NULL, 0, NULL, 2, 0, 0, 0, 0);
/*!40000 ALTER TABLE `linea_credito` ENABLE KEYS */;


-- Volcando estructura para tabla bancos.locations
DROP TABLE IF EXISTS `locations`;
CREATE TABLE IF NOT EXISTS `locations` (
  `id` int(11) NOT NULL AUTO_INCREMENT,
  `name` text NOT NULL,
  `description` text NOT NULL,
  `photo` text NOT NULL,
  `latitude` double NOT NULL,
  `longitude` double NOT NULL,
  `address` text NOT NULL,
  `user_name` text NOT NULL,
  `user_location` text NOT NULL,
  PRIMARY KEY (`id`)
) ENGINE=MyISAM AUTO_INCREMENT=10 DEFAULT CHARSET=latin1;

-- Volcando datos para la tabla bancos.locations: 2 rows
DELETE FROM `locations`;
/*!40000 ALTER TABLE `locations` DISABLE KEYS */;
INSERT INTO `locations` (`id`, `name`, `description`, `photo`, `latitude`, `longitude`, `address`, `user_name`, `user_location`) VALUES
	(1, 'Banco Union Charte', 'Atendido por don Wilson', '1_photo.jpg', 5.255626486384796, -72.48561744723895, 'I-65, Aguazul, Casanare, Colombia', 'Wilfredo Torres', 'Charte'),
	(2, 'otro', 'kjsdkfjdf', '2_photo.jpg', 6.48028033186726, -73.36914514337161, 'Hato - Simacota # 1, Simacota, Santander, Colombia', 'kjkjkj', 'khkj');
/*!40000 ALTER TABLE `locations` ENABLE KEYS */;


-- Volcando estructura para tabla bancos.login_attempts
DROP TABLE IF EXISTS `login_attempts`;
CREATE TABLE IF NOT EXISTS `login_attempts` (
  `id` int(11) NOT NULL AUTO_INCREMENT,
  `ip_address` varchar(40) COLLATE utf8_bin NOT NULL,
  `login` varchar(50) COLLATE utf8_bin NOT NULL,
  `time` timestamp NOT NULL DEFAULT CURRENT_TIMESTAMP ON UPDATE CURRENT_TIMESTAMP,
  PRIMARY KEY (`id`)
) ENGINE=InnoDB DEFAULT CHARSET=utf8 COLLATE=utf8_bin;

-- Volcando datos para la tabla bancos.login_attempts: ~0 rows (aproximadamente)
DELETE FROM `login_attempts`;
/*!40000 ALTER TABLE `login_attempts` DISABLE KEYS */;
/*!40000 ALTER TABLE `login_attempts` ENABLE KEYS */;


-- Volcando estructura para tabla bancos.municipios
DROP TABLE IF EXISTS `municipios`;
CREATE TABLE IF NOT EXISTS `municipios` (
  `id` int(10) NOT NULL,
  `nombre_municipio` varchar(50) NOT NULL,
  `departamento` int(10) NOT NULL,
  PRIMARY KEY (`id`),
  KEY `departamento` (`departamento`),
  CONSTRAINT `municipios_ibfk_1` FOREIGN KEY (`departamento`) REFERENCES `departamentos` (`id`)
) ENGINE=InnoDB DEFAULT CHARSET=utf8;

-- Volcando datos para la tabla bancos.municipios: ~834 rows (aproximadamente)
DELETE FROM `municipios`;
/*!40000 ALTER TABLE `municipios` DISABLE KEYS */;
INSERT INTO `municipios` (`id`, `nombre_municipio`, `departamento`) VALUES
	(1, 'Leticia', 1),
	(2, 'Puerto Nariño', 1),
	(3, 'Abejorral', 2),
	(4, 'Abriaquí', 2),
	(5, 'Alejandria', 2),
	(6, 'Amagá', 2),
	(7, 'Amalfi', 2),
	(8, 'Andes', 2),
	(9, 'Angelópolis', 2),
	(10, 'Angostura', 2),
	(11, 'Anorí', 2),
	(12, 'Anzá', 2),
	(13, 'Apartadó', 2),
	(14, 'Arboletes', 2),
	(15, 'Argelia', 2),
	(16, 'Armenia', 2),
	(17, 'Barbosa', 2),
	(18, 'Bello', 2),
	(19, 'Belmira', 2),
	(20, 'Betania', 2),
	(21, 'Betulia', 2),
	(22, 'Bolívar', 2),
	(23, 'Briceño', 2),
	(24, 'Burítica', 2),
	(25, 'Caicedo', 2),
	(26, 'Caldas', 2),
	(27, 'Campamento', 2),
	(28, 'Caracolí', 2),
	(29, 'Caramanta', 2),
	(30, 'Carepa', 2),
	(31, 'Carmen de Viboral', 2),
	(32, 'Carolina', 2),
	(33, 'Caucasia', 2),
	(34, 'Cañasgordas', 2),
	(35, 'Chigorodó', 2),
	(36, 'Cisneros', 2),
	(37, 'Cocorná', 2),
	(38, 'Concepción', 2),
	(39, 'Concordia', 2),
	(40, 'Copacabana', 2),
	(41, 'Cáceres', 2),
	(42, 'Dabeiba', 2),
	(43, 'Don Matías', 2),
	(44, 'Ebéjico', 2),
	(45, 'El Bagre', 2),
	(46, 'Entrerríos', 2),
	(47, 'Envigado', 2),
	(48, 'Fredonia', 2),
	(49, 'Frontino', 2),
	(50, 'Giraldo', 2),
	(51, 'Girardota', 2),
	(52, 'Granada', 2),
	(53, 'Guadalupe', 2),
	(54, 'Guarne', 2),
	(55, 'Guatapé', 2),
	(56, 'Gómez Plata', 2),
	(57, 'Heliconia', 2),
	(58, 'Hispania', 2),
	(59, 'Itagüí', 2),
	(60, 'Ituango', 2),
	(61, 'Jardín', 2),
	(62, 'Jericó', 2),
	(63, 'La Ceja', 2),
	(64, 'La Estrella', 2),
	(65, 'La Pintada', 2),
	(66, 'La Unión', 2),
	(67, 'Liborina', 2),
	(68, 'Maceo', 2),
	(69, 'Marinilla', 2),
	(70, 'Medellín', 2),
	(71, 'Montebello', 2),
	(72, 'Murindó', 2),
	(73, 'Mutatá', 2),
	(74, 'Nariño', 2),
	(75, 'Nechí', 2),
	(76, 'Necoclí', 2),
	(77, 'Olaya', 2),
	(78, 'Peque', 2),
	(79, 'Peñol', 2),
	(80, 'Pueblorrico', 2),
	(81, 'Puerto Berrío', 2),
	(82, 'Puerto Nare', 2),
	(83, 'Puerto Triunfo', 2),
	(84, 'Remedios', 2),
	(85, 'Retiro', 2),
	(86, 'Ríonegro', 2),
	(87, 'Sabanalarga', 2),
	(88, 'Sabaneta', 2),
	(89, 'Salgar', 2),
	(90, 'San Andrés de Cuerquía', 2),
	(91, 'San Carlos', 2),
	(92, 'San Francisco', 2),
	(93, 'San Jerónimo', 2),
	(94, 'San José de Montaña', 2),
	(95, 'San Juan de Urabá', 2),
	(96, 'San Luís', 2),
	(97, 'San Pedro', 2),
	(98, 'San Pedro de Urabá', 2),
	(99, 'San Rafael', 2),
	(100, 'San Roque', 2),
	(101, 'San Vicente', 2),
	(102, 'Santa Bárbara', 2),
	(103, 'Santa Fé de Antioquia', 2),
	(104, 'Santa Rosa de Osos', 2),
	(105, 'Santo Domingo', 2),
	(106, 'Santuario', 2),
	(107, 'Segovia', 2),
	(108, 'Sonsón', 2),
	(109, 'Sopetrán', 2),
	(110, 'Tarazá', 2),
	(111, 'Tarso', 2),
	(112, 'Titiribí', 2),
	(113, 'Toledo', 2),
	(114, 'Turbo', 2),
	(115, 'Támesis', 2),
	(116, 'Uramita', 2),
	(117, 'Urrao', 2),
	(118, 'Valdivia', 2),
	(119, 'Valparaiso', 2),
	(120, 'Vegachí', 2),
	(121, 'Venecia', 2),
	(122, 'Vigía del Fuerte', 2),
	(123, 'Yalí', 2),
	(124, 'Yarumal', 2),
	(125, 'Yolombó', 2),
	(126, 'Yondó (Casabe)', 2),
	(127, 'Zaragoza', 2),
	(128, 'Arauca', 3),
	(129, 'Arauquita', 3),
	(130, 'Cravo Norte', 3),
	(131, 'Fortúl', 3),
	(132, 'Puerto Rondón', 3),
	(133, 'Saravena', 3),
	(134, 'Tame', 3),
	(135, 'Baranoa', 4),
	(136, 'Barranquilla', 4),
	(137, 'Campo de la Cruz', 4),
	(138, 'Candelaria', 4),
	(139, 'Galapa', 4),
	(140, 'Juan de Acosta', 4),
	(141, 'Luruaco', 4),
	(142, 'Malambo', 4),
	(143, 'Manatí', 4),
	(144, 'Palmar de Varela', 4),
	(145, 'Piojo', 4),
	(146, 'Polonuevo', 4),
	(147, 'Ponedera', 4),
	(148, 'Puerto Colombia', 4),
	(149, 'Repelón', 4),
	(150, 'Sabanagrande', 4),
	(151, 'Sabanalarga', 4),
	(152, 'Santa Lucía', 4),
	(153, 'Santo Tomás', 4),
	(154, 'Soledad', 4),
	(155, 'Suan', 4),
	(156, 'Tubará', 4),
	(157, 'Usiacuri', 4),
	(158, 'Achí', 5),
	(159, 'Altos del Rosario', 5),
	(160, 'Arenal', 5),
	(161, 'Arjona', 5),
	(162, 'Arroyohondo', 5),
	(163, 'Barranco de Loba', 5),
	(164, 'Calamar', 5),
	(165, 'Cantagallo', 5),
	(166, 'Cartagena', 5),
	(167, 'Cicuco', 5),
	(168, 'Clemencia', 5),
	(169, 'Córdoba', 5),
	(170, 'El Carmen de Bolívar', 5),
	(171, 'El Guamo', 5),
	(172, 'El Peñon', 5),
	(173, 'Hatillo de Loba', 5),
	(174, 'Magangué', 5),
	(175, 'Mahates', 5),
	(176, 'Margarita', 5),
	(177, 'María la Baja', 5),
	(178, 'Mompós', 5),
	(179, 'Montecristo', 5),
	(180, 'Morales', 5),
	(181, 'Norosí', 5),
	(182, 'Pinillos', 5),
	(183, 'Regidor', 5),
	(184, 'Río Viejo', 5),
	(185, 'San Cristobal', 5),
	(186, 'San Estanislao', 5),
	(187, 'San Fernando', 5),
	(188, 'San Jacinto', 5),
	(189, 'San Jacinto del Cauca', 5),
	(190, 'San Juan de Nepomuceno', 5),
	(191, 'San Martín de Loba', 5),
	(192, 'San Pablo', 5),
	(193, 'Santa Catalina', 5),
	(194, 'Santa Rosa ', 5),
	(195, 'Santa Rosa del Sur', 5),
	(196, 'Simití', 5),
	(197, 'Soplaviento', 5),
	(198, 'Talaigua Nuevo', 5),
	(199, 'Tiquisio (Puerto Rico)', 5),
	(200, 'Turbaco', 5),
	(201, 'Turbaná', 5),
	(202, 'Villanueva', 5),
	(203, 'Zambrano', 5),
	(204, 'Almeida', 6),
	(205, 'Aquitania', 6),
	(206, 'Arcabuco', 6),
	(207, 'Belén', 6),
	(208, 'Berbeo', 6),
	(209, 'Beteitiva', 6),
	(210, 'Boavita', 6),
	(211, 'Boyacá', 6),
	(212, 'Briceño', 6),
	(213, 'Buenavista', 6),
	(214, 'Busbanza', 6),
	(215, 'Caldas', 6),
	(216, 'Campohermoso', 6),
	(217, 'Cerinza', 6),
	(218, 'Chinavita', 6),
	(219, 'Chiquinquirá', 6),
	(220, 'Chiscas', 6),
	(221, 'Chita', 6),
	(222, 'Chitaraque', 6),
	(223, 'Chivatá', 6),
	(224, 'Chíquiza', 6),
	(225, 'Chívor', 6),
	(226, 'Ciénaga', 6),
	(227, 'Coper', 6),
	(228, 'Corrales', 6),
	(229, 'Covarachía', 6),
	(230, 'Cubará', 6),
	(231, 'Cucaita', 6),
	(232, 'Cuitiva', 6),
	(233, 'Cómbita', 6),
	(234, 'Duitama', 6),
	(235, 'El Cocuy', 6),
	(236, 'El Espino', 6),
	(237, 'Firavitoba', 6),
	(238, 'Floresta', 6),
	(239, 'Gachantivá', 6),
	(240, 'Garagoa', 6),
	(241, 'Guacamayas', 6),
	(242, 'Guateque', 6),
	(243, 'Guayatá', 6),
	(244, 'Guicán', 6),
	(245, 'Gámeza', 6),
	(246, 'Izá', 6),
	(247, 'Jenesano', 6),
	(248, 'Jericó', 6),
	(249, 'La Capilla', 6),
	(250, 'La Uvita', 6),
	(251, 'La Victoria', 6),
	(252, 'Labranzagrande', 6),
	(253, 'Macanal', 6),
	(254, 'Maripí', 6),
	(255, 'Miraflores', 6),
	(256, 'Mongua', 6),
	(257, 'Monguí', 6),
	(258, 'Moniquirá', 6),
	(259, 'Motavita', 6),
	(260, 'Muzo', 6),
	(261, 'Nobsa', 6),
	(262, 'Nuevo Colón', 6),
	(263, 'Oicatá', 6),
	(264, 'Otanche', 6),
	(265, 'Pachavita', 6),
	(266, 'Paipa', 6),
	(267, 'Pajarito', 6),
	(268, 'Panqueba', 6),
	(269, 'Pauna', 6),
	(270, 'Paya', 6),
	(271, 'Paz de Río', 6),
	(272, 'Pesca', 6),
	(273, 'Pisva', 6),
	(274, 'Puerto Boyacá', 6),
	(275, 'Páez', 6),
	(276, 'Quipama', 6),
	(277, 'Ramiriquí', 6),
	(278, 'Rondón', 6),
	(279, 'Ráquira', 6),
	(280, 'Saboyá', 6),
	(281, 'Samacá', 6),
	(282, 'San Eduardo', 6),
	(283, 'San José de Pare', 6),
	(284, 'San Luís de Gaceno', 6),
	(285, 'San Mateo', 6),
	(286, 'San Miguel de Sema', 6),
	(287, 'San Pablo de Borbur', 6),
	(288, 'Santa María', 6),
	(289, 'Santa Rosa de Viterbo', 6),
	(290, 'Santa Sofía', 6),
	(291, 'Santana', 6),
	(292, 'Sativanorte', 6),
	(293, 'Sativasur', 6),
	(294, 'Siachoque', 6),
	(295, 'Soatá', 6),
	(296, 'Socha', 6),
	(297, 'Socotá', 6),
	(298, 'Sogamoso', 6),
	(299, 'Somondoco', 6),
	(300, 'Sora', 6),
	(301, 'Soracá', 6),
	(302, 'Sotaquirá', 6),
	(303, 'Susacón', 6),
	(304, 'Sutamarchán', 6),
	(305, 'Sutatenza', 6),
	(306, 'Sáchica', 6),
	(307, 'Tasco', 6),
	(308, 'Tenza', 6),
	(309, 'Tibaná', 6),
	(310, 'Tibasosa', 6),
	(311, 'Tinjacá', 6),
	(312, 'Tipacoque', 6),
	(313, 'Toca', 6),
	(314, 'Toguí', 6),
	(315, 'Topagá', 6),
	(316, 'Tota', 6),
	(317, 'Tunja', 6),
	(318, 'Tunungua', 6),
	(319, 'Turmequé', 6),
	(320, 'Tuta', 6),
	(321, 'Tutasá', 6),
	(322, 'Ventaquemada', 6),
	(323, 'Villa de Leiva', 6),
	(324, 'Viracachá', 6),
	(325, 'Zetaquirá', 6),
	(326, 'Úmbita', 6),
	(327, 'Aguadas', 7),
	(328, 'Anserma', 7),
	(329, 'Aranzazu', 7),
	(330, 'Belalcázar', 7),
	(331, 'Chinchiná', 7),
	(332, 'Filadelfia', 7),
	(333, 'La Dorada', 7),
	(334, 'La Merced', 7),
	(335, 'La Victoria', 7),
	(336, 'Manizales', 7),
	(337, 'Manzanares', 7),
	(338, 'Marmato', 7),
	(339, 'Marquetalia', 7),
	(340, 'Marulanda', 7),
	(341, 'Neira', 7),
	(342, 'Norcasia', 7),
	(343, 'Palestina', 7),
	(344, 'Pensilvania', 7),
	(345, 'Pácora', 7),
	(346, 'Risaralda', 7),
	(347, 'Río Sucio', 7),
	(348, 'Salamina', 7),
	(349, 'Samaná', 7),
	(350, 'San José', 7),
	(351, 'Supía', 7),
	(352, 'Villamaría', 7),
	(353, 'Viterbo', 7),
	(354, 'Albania', 8),
	(355, 'Belén de los Andaquíes', 8),
	(356, 'Cartagena del Chairá', 8),
	(357, 'Curillo', 8),
	(358, 'El Doncello', 8),
	(359, 'El Paujil', 8),
	(360, 'Florencia', 8),
	(361, 'La Montañita', 8),
	(362, 'Milán', 8),
	(363, 'Morelia', 8),
	(364, 'Puerto Rico', 8),
	(365, 'San José del Fragua', 8),
	(366, 'San Vicente del Caguán', 8),
	(367, 'Solano', 8),
	(368, 'Solita', 8),
	(369, 'Valparaiso', 8),
	(370, 'Aguazul', 9),
	(371, 'Chámeza', 9),
	(372, 'Hato Corozal', 9),
	(373, 'La Salina', 9),
	(374, 'Maní', 9),
	(375, 'Monterrey', 9),
	(376, 'Nunchía', 9),
	(377, 'Orocué', 9),
	(378, 'Paz de Ariporo', 9),
	(379, 'Pore', 9),
	(380, 'Recetor', 9),
	(381, 'Sabanalarga', 9),
	(382, 'San Luís de Palenque', 9),
	(383, 'Sácama', 9),
	(384, 'Tauramena', 9),
	(385, 'Trinidad', 9),
	(386, 'Támara', 9),
	(387, 'Villanueva', 9),
	(388, 'Yopal', 9),
	(389, 'Almaguer', 10),
	(390, 'Argelia', 10),
	(391, 'Balboa', 10),
	(392, 'Bolívar', 10),
	(393, 'Buenos Aires', 10),
	(394, 'Cajibío', 10),
	(395, 'Caldono', 10),
	(396, 'Caloto', 10),
	(397, 'Corinto', 10),
	(398, 'El Tambo', 10),
	(399, 'Florencia', 10),
	(400, 'Guachené', 10),
	(401, 'Guapí', 10),
	(402, 'Inzá', 10),
	(403, 'Jambaló', 10),
	(404, 'La Sierra', 10),
	(405, 'La Vega', 10),
	(406, 'López (Micay)', 10),
	(407, 'Mercaderes', 10),
	(408, 'Miranda', 10),
	(409, 'Morales', 10),
	(410, 'Padilla', 10),
	(411, 'Patía (El Bordo)', 10),
	(412, 'Piamonte', 10),
	(413, 'Piendamó', 10),
	(414, 'Popayán', 10),
	(415, 'Puerto Tejada', 10),
	(416, 'Puracé (Coconuco)', 10),
	(417, 'Páez (Belalcazar)', 10),
	(418, 'Rosas', 10),
	(419, 'San Sebastián', 10),
	(420, 'Santa Rosa', 10),
	(421, 'Santander de Quilichao', 10),
	(422, 'Silvia', 10),
	(423, 'Sotara (Paispamba)', 10),
	(424, 'Sucre', 10),
	(425, 'Suárez', 10),
	(426, 'Timbiquí', 10),
	(427, 'Timbío', 10),
	(428, 'Toribío', 10),
	(429, 'Totoró', 10),
	(430, 'Villa Rica', 10),
	(431, 'Aguachica', 11),
	(432, 'Agustín Codazzi', 11),
	(433, 'Astrea', 11),
	(434, 'Becerríl', 11),
	(435, 'Bosconia', 11),
	(436, 'Chimichagua', 11),
	(437, 'Chiriguaná', 11),
	(438, 'Curumaní', 11),
	(439, 'El Copey', 11),
	(440, 'El Paso', 11),
	(441, 'Gamarra', 11),
	(442, 'Gonzalez', 11),
	(443, 'La Gloria', 11),
	(444, 'La Jagua de Ibirico', 11),
	(445, 'La Paz (Robles)', 11),
	(446, 'Manaure Balcón del Cesar', 11),
	(447, 'Pailitas', 11),
	(448, 'Pelaya', 11),
	(449, 'Pueblo Bello', 11),
	(450, 'Río de oro', 11),
	(451, 'San Alberto', 11),
	(452, 'San Diego', 11),
	(453, 'San Martín', 11),
	(454, 'Tamalameque', 11),
	(455, 'Valledupar', 11),
	(456, 'Acandí', 12),
	(457, 'Alto Baudó (Pie de Pato)', 12),
	(458, 'Atrato (Yuto)', 12),
	(459, 'Bagadó', 12),
	(460, 'Bahía Solano (Mútis)', 12),
	(461, 'Bajo Baudó (Pizarro)', 12),
	(462, 'Belén de Bajirá', 12),
	(463, 'Bojayá (Bellavista)', 12),
	(464, 'Cantón de San Pablo', 12),
	(465, 'Carmen del Darién (CURBARADÓ)', 12),
	(466, 'Condoto', 12),
	(467, 'Cértegui', 12),
	(468, 'El Carmen de Atrato', 12),
	(469, 'Istmina', 12),
	(470, 'Juradó', 12),
	(471, 'Lloró', 12),
	(472, 'Medio Atrato', 12),
	(473, 'Medio Baudó', 12),
	(474, 'Medio San Juan (ANDAGOYA)', 12),
	(475, 'Novita', 12),
	(476, 'Nuquí', 12),
	(477, 'Quibdó', 12),
	(478, 'Río Iró', 12),
	(479, 'Río Quito', 12),
	(480, 'Ríosucio', 12),
	(481, 'San José del Palmar', 12),
	(482, 'Santa Genoveva de Docorodó', 12),
	(483, 'Sipí', 12),
	(484, 'Tadó', 12),
	(485, 'Unguía', 12),
	(486, 'Unión Panamericana (ÁNIMAS)', 12),
	(487, 'Ayapel', 13),
	(488, 'Buenavista', 13),
	(489, 'Canalete', 13),
	(490, 'Cereté', 13),
	(491, 'Chimá', 13),
	(492, 'Chinú', 13),
	(493, 'Ciénaga de Oro', 13),
	(494, 'Cotorra', 13),
	(495, 'La Apartada y La Frontera', 13),
	(496, 'Lorica', 13),
	(497, 'Los Córdobas', 13),
	(498, 'Momil', 13),
	(499, 'Montelíbano', 13),
	(500, 'Monteria', 13),
	(501, 'Moñitos', 13),
	(502, 'Planeta Rica', 13),
	(503, 'Pueblo Nuevo', 13),
	(504, 'Puerto Escondido', 13),
	(505, 'Puerto Libertador', 13),
	(506, 'Purísima', 13),
	(507, 'Sahagún', 13),
	(508, 'San Andrés Sotavento', 13),
	(509, 'San Antero', 13),
	(510, 'San Bernardo del Viento', 13),
	(511, 'San Carlos', 13),
	(512, 'San José de Uré', 13),
	(513, 'San Pelayo', 13),
	(514, 'Tierralta', 13),
	(515, 'Tuchín', 13),
	(516, 'Valencia', 13),
	(517, 'Agua de Dios', 14),
	(518, 'Albán', 14),
	(519, 'Anapoima', 14),
	(520, 'Anolaima', 14),
	(521, 'Apulo', 14),
	(522, 'Arbeláez', 14),
	(523, 'Beltrán', 14),
	(524, 'Bituima', 14),
	(525, 'Bogotá D.C.', 14),
	(526, 'Bojacá', 14),
	(527, 'Cabrera', 14),
	(528, 'Cachipay', 14),
	(529, 'Cajicá', 14),
	(530, 'Caparrapí', 14),
	(531, 'Carmen de Carupa', 14),
	(532, 'Chaguaní', 14),
	(533, 'Chipaque', 14),
	(534, 'Choachí', 14),
	(535, 'Chocontá', 14),
	(536, 'Chía', 14),
	(537, 'Cogua', 14),
	(538, 'Cota', 14),
	(539, 'Cucunubá', 14),
	(540, 'Cáqueza', 14),
	(541, 'El Colegio', 14),
	(542, 'El Peñón', 14),
	(543, 'El Rosal', 14),
	(544, 'Facatativá', 14),
	(545, 'Fosca', 14),
	(546, 'Funza', 14),
	(547, 'Fusagasugá', 14),
	(548, 'Fómeque', 14),
	(549, 'Fúquene', 14),
	(550, 'Gachalá', 14),
	(551, 'Gachancipá', 14),
	(552, 'Gachetá', 14),
	(553, 'Gama', 14),
	(554, 'Girardot', 14),
	(555, 'Granada', 14),
	(556, 'Guachetá', 14),
	(557, 'Guaduas', 14),
	(558, 'Guasca', 14),
	(559, 'Guataquí', 14),
	(560, 'Guatavita', 14),
	(561, 'Guayabal de Siquima', 14),
	(562, 'Guayabetal', 14),
	(563, 'Gutiérrez', 14),
	(564, 'Jerusalén', 14),
	(565, 'Junín', 14),
	(566, 'La Calera', 14),
	(567, 'La Mesa', 14),
	(568, 'La Palma', 14),
	(569, 'La Peña', 14),
	(570, 'La Vega', 14),
	(571, 'Lenguazaque', 14),
	(572, 'Machetá', 14),
	(573, 'Madrid', 14),
	(574, 'Manta', 14),
	(575, 'Medina', 14),
	(576, 'Mosquera', 14),
	(577, 'Nariño', 14),
	(578, 'Nemocón', 14),
	(579, 'Nilo', 14),
	(580, 'Nimaima', 14),
	(581, 'Nocaima', 14),
	(582, 'Pacho', 14),
	(583, 'Paime', 14),
	(584, 'Pandi', 14),
	(585, 'Paratebueno', 14),
	(586, 'Pasca', 14),
	(587, 'Puerto Salgar', 14),
	(588, 'Pulí', 14),
	(589, 'Quebradanegra', 14),
	(590, 'Quetame', 14),
	(591, 'Quipile', 14),
	(592, 'Ricaurte', 14),
	(593, 'San Antonio de Tequendama', 14),
	(594, 'San Bernardo', 14),
	(595, 'San Cayetano', 14),
	(596, 'San Francisco', 14),
	(597, 'San Juan de Río Seco', 14),
	(598, 'Sasaima', 14),
	(599, 'Sesquilé', 14),
	(600, 'Sibaté', 14),
	(601, 'Silvania', 14),
	(602, 'Simijaca', 14),
	(603, 'Soacha', 14),
	(604, 'Sopó', 14),
	(605, 'Subachoque', 14),
	(606, 'Suesca', 14),
	(607, 'Supatá', 14),
	(608, 'Susa', 14),
	(609, 'Sutatausa', 14),
	(610, 'Tabio', 14),
	(611, 'Tausa', 14),
	(612, 'Tena', 14),
	(613, 'Tenjo', 14),
	(614, 'Tibacuy', 14),
	(615, 'Tibirita', 14),
	(616, 'Tocaima', 14),
	(617, 'Tocancipá', 14),
	(618, 'Topaipí', 14),
	(619, 'Ubalá', 14),
	(620, 'Ubaque', 14),
	(621, 'Ubaté', 14),
	(622, 'Une', 14),
	(623, 'Venecia (Ospina Pérez)', 14),
	(624, 'Vergara', 14),
	(625, 'Viani', 14),
	(626, 'Villagómez', 14),
	(627, 'Villapinzón', 14),
	(628, 'Villeta', 14),
	(629, 'Viotá', 14),
	(630, 'Yacopí', 14),
	(631, 'Zipacón', 14),
	(632, 'Zipaquirá', 14),
	(633, 'Útica', 14),
	(634, 'Inírida', 15),
	(635, 'Calamar', 16),
	(636, 'El Retorno', 16),
	(637, 'Miraflores', 16),
	(638, 'San José del Guaviare', 16),
	(639, 'Acevedo', 17),
	(640, 'Agrado', 17),
	(641, 'Aipe', 17),
	(642, 'Algeciras', 17),
	(643, 'Altamira', 17),
	(644, 'Baraya', 17),
	(645, 'Campoalegre', 17),
	(646, 'Colombia', 17),
	(647, 'Elías', 17),
	(648, 'Garzón', 17),
	(649, 'Gigante', 17),
	(650, 'Guadalupe', 17),
	(651, 'Hobo', 17),
	(652, 'Isnos', 17),
	(653, 'La Argentina', 17),
	(654, 'La Plata', 17),
	(655, 'Neiva', 17),
	(656, 'Nátaga', 17),
	(657, 'Oporapa', 17),
	(658, 'Paicol', 17),
	(659, 'Palermo', 17),
	(660, 'Palestina', 17),
	(661, 'Pital', 17),
	(662, 'Pitalito', 17),
	(663, 'Rivera', 17),
	(664, 'Saladoblanco', 17),
	(665, 'San Agustín', 17),
	(666, 'Santa María', 17),
	(667, 'Suaza', 17),
	(668, 'Tarqui', 17),
	(669, 'Tello', 17),
	(670, 'Teruel', 17),
	(671, 'Tesalia', 17),
	(672, 'Timaná', 17),
	(673, 'Villavieja', 17),
	(674, 'Yaguará', 17),
	(675, 'Íquira', 17),
	(676, 'Albania', 18),
	(677, 'Barrancas', 18),
	(678, 'Dibulla', 18),
	(679, 'Distracción', 18),
	(680, 'El Molino', 18),
	(681, 'Fonseca', 18),
	(682, 'Hatonuevo', 18),
	(683, 'La Jagua del Pilar', 18),
	(684, 'Maicao', 18),
	(685, 'Manaure', 18),
	(686, 'Riohacha', 18),
	(687, 'San Juan del Cesar', 18),
	(688, 'Uribia', 18),
	(689, 'Urumita', 18),
	(690, 'Villanueva', 18),
	(691, 'Algarrobo', 19),
	(692, 'Aracataca', 19),
	(693, 'Ariguaní (El Difícil)', 19),
	(694, 'Cerro San Antonio', 19),
	(695, 'Chivolo', 19),
	(696, 'Ciénaga', 19),
	(697, 'Concordia', 19),
	(698, 'El Banco', 19),
	(699, 'El Piñon', 19),
	(700, 'El Retén', 19),
	(701, 'Fundación', 19),
	(702, 'Guamal', 19),
	(703, 'Nueva Granada', 19),
	(704, 'Pedraza', 19),
	(705, 'Pijiño', 19),
	(706, 'Pivijay', 19),
	(707, 'Plato', 19),
	(708, 'Puebloviejo', 19),
	(709, 'Remolino', 19),
	(710, 'Sabanas de San Angel (SAN ANGEL)', 19),
	(711, 'Salamina', 19),
	(712, 'San Sebastián de Buenavista', 19),
	(713, 'San Zenón', 19),
	(714, 'Santa Ana', 19),
	(715, 'Santa Bárbara de Pinto', 19),
	(716, 'Santa Marta', 19),
	(717, 'Sitionuevo', 19),
	(718, 'Tenerife', 19),
	(719, 'Zapayán (PUNTA DE PIEDRAS)', 19),
	(720, 'Zona Bananera (PRADO - SEVILLA)', 19),
	(721, 'Acacías', 20),
	(722, 'Barranca de Upía', 20),
	(723, 'Cabuyaro', 20),
	(724, 'Castilla la Nueva', 20),
	(725, 'Cubarral', 20),
	(726, 'Cumaral', 20),
	(727, 'El Calvario', 20),
	(728, 'El Castillo', 20),
	(729, 'El Dorado', 20),
	(730, 'Fuente de Oro', 20),
	(731, 'Granada', 20),
	(732, 'Guamal', 20),
	(733, 'La Macarena', 20),
	(734, 'Lejanías', 20),
	(735, 'Mapiripan', 20),
	(736, 'Mesetas', 20),
	(737, 'Puerto Concordia', 20),
	(738, 'Puerto Gaitán', 20),
	(739, 'Puerto Lleras', 20),
	(740, 'Puerto López', 20),
	(741, 'Puerto Rico', 20),
	(742, 'Restrepo', 20),
	(743, 'San Carlos de Guaroa', 20),
	(744, 'San Juan de Arama', 20),
	(745, 'San Juanito', 20),
	(746, 'San Martín', 20),
	(747, 'Uribe', 20),
	(748, 'Villavicencio', 20),
	(749, 'Vista Hermosa', 20),
	(750, 'Albán (San José)', 21),
	(751, 'Aldana', 21),
	(752, 'Ancuya', 21),
	(753, 'Arboleda (Berruecos)', 21),
	(754, 'Barbacoas', 21),
	(755, 'Belén', 21),
	(756, 'Buesaco', 21),
	(757, 'Chachaguí', 21),
	(758, 'Colón (Génova)', 21),
	(759, 'Consaca', 21),
	(760, 'Contadero', 21),
	(761, 'Cuaspud (Carlosama)', 21),
	(762, 'Cumbal', 21),
	(763, 'Cumbitara', 21),
	(764, 'Córdoba', 21),
	(765, 'El Charco', 21),
	(766, 'El Peñol', 21),
	(767, 'El Rosario', 21),
	(768, 'El Tablón de Gómez', 21),
	(769, 'El Tambo', 21),
	(770, 'Francisco Pizarro', 21),
	(771, 'Funes', 21),
	(772, 'Guachavés', 21),
	(773, 'Guachucal', 21),
	(774, 'Guaitarilla', 21),
	(775, 'Gualmatán', 21),
	(776, 'Iles', 21),
	(777, 'Imúes', 21),
	(778, 'Ipiales', 21),
	(779, 'La Cruz', 21),
	(780, 'La Florida', 21),
	(781, 'La Llanada', 21),
	(782, 'La Tola', 21),
	(783, 'La Unión', 21),
	(784, 'Leiva', 21),
	(785, 'Linares', 21),
	(786, 'Magüi (Payán)', 21),
	(787, 'Mallama (Piedrancha)', 21),
	(788, 'Mosquera', 21),
	(789, 'Nariño', 21),
	(790, 'Olaya Herrera', 21),
	(791, 'Ospina', 21),
	(792, 'Policarpa', 21),
	(793, 'Potosí', 21),
	(794, 'Providencia', 21),
	(795, 'Puerres', 21),
	(796, 'Pupiales', 21),
	(797, 'Ricaurte', 21),
	(798, 'Roberto Payán (San José)', 21),
	(799, 'Samaniego', 21),
	(800, 'San Bernardo', 21),
	(801, 'San Juan de Pasto', 21),
	(802, 'San Lorenzo', 21),
	(803, 'San Pablo', 21),
	(804, 'San Pedro de Cartago', 21),
	(805, 'Sandoná', 21),
	(806, 'Santa Bárbara (Iscuandé)', 21),
	(807, 'Sapuyes', 21),
	(808, 'Sotomayor (Los Andes)', 21),
	(809, 'Taminango', 21),
	(810, 'Tangua', 21),
	(811, 'Tumaco', 21),
	(812, 'Túquerres', 21),
	(813, 'Yacuanquer', 21),
	(814, 'Arboledas', 22),
	(815, 'Bochalema', 22),
	(816, 'Bucarasica', 22),
	(817, 'Chinácota', 22),
	(818, 'Chitagá', 22),
	(819, 'Convención', 22),
	(820, 'Cucutilla', 22),
	(821, 'Cáchira', 22),
	(822, 'Cácota', 22),
	(823, 'Cúcuta', 22),
	(824, 'Durania', 22),
	(825, 'El Carmen', 22),
	(826, 'El Tarra', 22),
	(827, 'El Zulia', 22),
	(828, 'Gramalote', 22),
	(829, 'Hacarí', 22),
	(830, 'Herrán', 22),
	(831, 'La Esperanza', 22),
	(832, 'La Playa', 22),
	(833, 'Labateca', 22),
	(834, 'Los Patios', 22),
	(835, 'Lourdes', 22),
	(836, 'Mutiscua', 22),
	(837, 'Ocaña', 22),
	(838, 'Pamplona', 22),
	(839, 'Pamplonita', 22),
	(840, 'Puerto Santander', 22),
	(841, 'Ragonvalia', 22),
	(842, 'Salazar', 22),
	(843, 'San Calixto', 22),
	(844, 'San Cayetano', 22),
	(845, 'Santiago', 22),
	(846, 'Sardinata', 22),
	(847, 'Silos', 22),
	(848, 'Teorama', 22),
	(849, 'Tibú', 22),
	(850, 'Toledo', 22),
	(851, 'Villa Caro', 22),
	(852, 'Villa del Rosario', 22),
	(853, 'Ábrego', 22),
	(854, 'Colón', 23),
	(855, 'Mocoa', 23),
	(856, 'Orito', 23),
	(857, 'Puerto Asís', 23),
	(858, 'Puerto Caicedo', 23),
	(859, 'Puerto Guzmán', 23),
	(860, 'Puerto Leguízamo', 23),
	(861, 'San Francisco', 23),
	(862, 'San Miguel', 23),
	(863, 'Santiago', 23),
	(864, 'Sibundoy', 23),
	(865, 'Valle del Guamuez', 23),
	(866, 'Villagarzón', 23),
	(867, 'Armenia', 24),
	(868, 'Buenavista', 24),
	(869, 'Calarcá', 24),
	(870, 'Circasia', 24),
	(871, 'Cordobá', 24),
	(872, 'Filandia', 24),
	(873, 'Génova', 24),
	(874, 'La Tebaida', 24),
	(875, 'Montenegro', 24),
	(876, 'Pijao', 24),
	(877, 'Quimbaya', 24),
	(878, 'Salento', 24),
	(879, 'Apía', 25),
	(880, 'Balboa', 25),
	(881, 'Belén de Umbría', 25),
	(882, 'Dos Quebradas', 25),
	(883, 'Guática', 25),
	(884, 'La Celia', 25),
	(885, 'La Virginia', 25),
	(886, 'Marsella', 25),
	(887, 'Mistrató', 25),
	(888, 'Pereira', 25),
	(889, 'Pueblo Rico', 25),
	(890, 'Quinchía', 25),
	(891, 'Santa Rosa de Cabal', 25),
	(892, 'Santuario', 25),
	(893, 'Providencia', 26),
	(894, 'Aguada', 27),
	(895, 'Albania', 27),
	(896, 'Aratoca', 27),
	(897, 'Barbosa', 27),
	(898, 'Barichara', 27),
	(899, 'Barrancabermeja', 27),
	(900, 'Betulia', 27),
	(901, 'Bolívar', 27),
	(902, 'Bucaramanga', 27),
	(903, 'Cabrera', 27),
	(904, 'California', 27),
	(905, 'Capitanejo', 27),
	(906, 'Carcasí', 27),
	(907, 'Cepita', 27),
	(908, 'Cerrito', 27),
	(909, 'Charalá', 27),
	(910, 'Charta', 27),
	(911, 'Chima', 27),
	(912, 'Chipatá', 27),
	(913, 'Cimitarra', 27),
	(914, 'Concepción', 27),
	(915, 'Confines', 27),
	(916, 'Contratación', 27),
	(917, 'Coromoro', 27),
	(918, 'Curití', 27),
	(919, 'El Carmen', 27),
	(920, 'El Guacamayo', 27),
	(921, 'El Peñon', 27),
	(922, 'El Playón', 27),
	(923, 'Encino', 27),
	(924, 'Enciso', 27),
	(925, 'Floridablanca', 27),
	(926, 'Florián', 27),
	(927, 'Galán', 27),
	(928, 'Girón', 27),
	(929, 'Guaca', 27),
	(930, 'Guadalupe', 27),
	(931, 'Guapota', 27),
	(932, 'Guavatá', 27),
	(933, 'Guepsa', 27),
	(934, 'Gámbita', 27),
	(935, 'Hato', 27),
	(936, 'Jesús María', 27),
	(937, 'Jordán', 27),
	(938, 'La Belleza', 27),
	(939, 'La Paz', 27),
	(940, 'Landázuri', 27),
	(941, 'Lebrija', 27),
	(942, 'Los Santos', 27),
	(943, 'Macaravita', 27),
	(944, 'Matanza', 27),
	(945, 'Mogotes', 27),
	(946, 'Molagavita', 27),
	(947, 'Málaga', 27),
	(948, 'Ocamonte', 27),
	(949, 'Oiba', 27),
	(950, 'Onzaga', 27),
	(951, 'Palmar', 27),
	(952, 'Palmas del Socorro', 27),
	(953, 'Pie de Cuesta', 27),
	(954, 'Pinchote', 27),
	(955, 'Puente Nacional', 27),
	(956, 'Puerto Parra', 27),
	(957, 'Puerto Wilches', 27),
	(958, 'Páramo', 27),
	(959, 'Rio Negro', 27),
	(960, 'Sabana de Torres', 27),
	(961, 'San Andrés', 27),
	(962, 'San Benito', 27),
	(963, 'San Gíl', 27),
	(964, 'San Joaquín', 27),
	(965, 'San José de Miranda', 27),
	(966, 'San Miguel', 27),
	(967, 'San Vicente del Chucurí', 27),
	(968, 'Santa Bárbara', 27),
	(969, 'Santa Helena del Opón', 27),
	(970, 'Simacota', 27),
	(971, 'Socorro', 27),
	(972, 'Suaita', 27),
	(973, 'Sucre', 27),
	(974, 'Suratá', 27),
	(975, 'Tona', 27),
	(976, 'Valle de San José', 27),
	(977, 'Vetas', 27),
	(978, 'Villanueva', 27),
	(979, 'Vélez', 27),
	(980, 'Zapatoca', 27),
	(981, 'Buenavista', 28),
	(982, 'Caimito', 28),
	(983, 'Chalán', 28),
	(984, 'Colosó (Ricaurte)', 28),
	(985, 'Corozal', 28),
	(986, 'Coveñas', 28),
	(987, 'El Roble', 28),
	(988, 'Galeras (Nueva Granada)', 28),
	(989, 'Guaranda', 28),
	(990, 'La Unión', 28),
	(991, 'Los Palmitos', 28),
	(992, 'Majagual', 28),
	(993, 'Morroa', 28),
	(994, 'Ovejas', 28),
	(995, 'Palmito', 28),
	(996, 'Sampués', 28),
	(997, 'San Benito Abad', 28),
	(998, 'San Juan de Betulia', 28),
	(999, 'San Marcos', 28),
	(1000, 'San Onofre', 28),
	(1001, 'San Pedro', 28),
	(1002, 'Sincelejo', 28),
	(1003, 'Sincé', 28),
	(1004, 'Sucre', 28),
	(1005, 'Tolú', 28),
	(1006, 'Tolú Viejo', 28),
	(1007, 'Alpujarra', 29),
	(1008, 'Alvarado', 29),
	(1009, 'Ambalema', 29),
	(1010, 'Anzoátegui', 29),
	(1011, 'Armero (Guayabal)', 29),
	(1012, 'Ataco', 29),
	(1013, 'Cajamarca', 29),
	(1014, 'Carmen de Apicalá', 29),
	(1015, 'Casabianca', 29),
	(1016, 'Chaparral', 29),
	(1017, 'Coello', 29),
	(1018, 'Coyaima', 29),
	(1019, 'Cunday', 29),
	(1020, 'Dolores', 29),
	(1021, 'Espinal', 29),
	(1022, 'Falan', 29),
	(1023, 'Flandes', 29),
	(1024, 'Fresno', 29),
	(1025, 'Guamo', 29),
	(1026, 'Herveo', 29),
	(1027, 'Honda', 29),
	(1028, 'Ibagué', 29),
	(1029, 'Icononzo', 29),
	(1030, 'Lérida', 29),
	(1031, 'Líbano', 29),
	(1032, 'Mariquita', 29),
	(1033, 'Melgar', 29),
	(1034, 'Murillo', 29),
	(1035, 'Natagaima', 29),
	(1036, 'Ortega', 29),
	(1037, 'Palocabildo', 29),
	(1038, 'Piedras', 29),
	(1039, 'Planadas', 29),
	(1040, 'Prado', 29),
	(1041, 'Purificación', 29),
	(1042, 'Rioblanco', 29),
	(1043, 'Roncesvalles', 29),
	(1044, 'Rovira', 29),
	(1045, 'Saldaña', 29),
	(1046, 'San Antonio', 29),
	(1047, 'San Luis', 29),
	(1048, 'Santa Isabel', 29),
	(1049, 'Suárez', 29),
	(1050, 'Valle de San Juan', 29),
	(1051, 'Venadillo', 29),
	(1052, 'Villahermosa', 29),
	(1053, 'Villarrica', 29),
	(1054, 'Alcalá', 30),
	(1055, 'Andalucía', 30),
	(1056, 'Ansermanuevo', 30),
	(1057, 'Argelia', 30),
	(1058, 'Bolívar', 30),
	(1059, 'Buenaventura', 30),
	(1060, 'Buga', 30),
	(1061, 'Bugalagrande', 30),
	(1062, 'Caicedonia', 30),
	(1063, 'Calima (Darién)', 30),
	(1064, 'Calí', 30),
	(1065, 'Candelaria', 30),
	(1066, 'Cartago', 30),
	(1067, 'Dagua', 30),
	(1068, 'El Cairo', 30),
	(1069, 'El Cerrito', 30),
	(1070, 'El Dovio', 30),
	(1071, 'El Águila', 30),
	(1072, 'Florida', 30),
	(1073, 'Ginebra', 30),
	(1074, 'Guacarí', 30),
	(1075, 'Jamundí', 30),
	(1076, 'La Cumbre', 30),
	(1077, 'La Unión', 30),
	(1078, 'La Victoria', 30),
	(1079, 'Obando', 30),
	(1080, 'Palmira', 30),
	(1081, 'Pradera', 30),
	(1082, 'Restrepo', 30),
	(1083, 'Riofrío', 30),
	(1084, 'Roldanillo', 30),
	(1085, 'San Pedro', 30),
	(1086, 'Sevilla', 30),
	(1087, 'Toro', 30),
	(1088, 'Trujillo', 30),
	(1089, 'Tulúa', 30),
	(1090, 'Ulloa', 30),
	(1091, 'Versalles', 30),
	(1092, 'Vijes', 30),
	(1093, 'Yotoco', 30),
	(1094, 'Yumbo', 30),
	(1095, 'Zarzal', 30),
	(1096, 'Carurú', 31),
	(1097, 'Mitú', 31),
	(1098, 'Taraira', 31),
	(1099, 'Cumaribo', 32),
	(1100, 'La Primavera', 32),
	(1101, 'Puerto Carreño', 32),
	(1102, 'Santa Rosalía', 32);
/*!40000 ALTER TABLE `municipios` ENABLE KEYS */;


-- Volcando estructura para tabla bancos.otros_egresos
DROP TABLE IF EXISTS `otros_egresos`;
CREATE TABLE IF NOT EXISTS `otros_egresos` (
  `banco` varchar(10) NOT NULL,
  `id_egreso` int(11) NOT NULL,
  `transaccion` int(30) NOT NULL,
  `tipo_egreso` int(10) NOT NULL,
  PRIMARY KEY (`banco`,`id_egreso`),
  KEY `otros_egresos_ibfk_2` (`transaccion`),
  CONSTRAINT `otros_egresos_ibfk_1` FOREIGN KEY (`banco`) REFERENCES `banco` (`id`),
  CONSTRAINT `otros_egresos_ibfk_2` FOREIGN KEY (`transaccion`) REFERENCES `transacciones` (`id`) ON DELETE CASCADE ON UPDATE CASCADE
) ENGINE=InnoDB DEFAULT CHARSET=utf8;

-- Volcando datos para la tabla bancos.otros_egresos: ~0 rows (aproximadamente)
DELETE FROM `otros_egresos`;
/*!40000 ALTER TABLE `otros_egresos` DISABLE KEYS */;
/*!40000 ALTER TABLE `otros_egresos` ENABLE KEYS */;


-- Volcando estructura para tabla bancos.otros_ingresos
DROP TABLE IF EXISTS `otros_ingresos`;
CREATE TABLE IF NOT EXISTS `otros_ingresos` (
  `banco` varchar(10) NOT NULL,
  `id_ingreso` int(11) NOT NULL,
  `transaccion` int(30) DEFAULT NULL,
  `tipo_ing` int(11) DEFAULT NULL,
  PRIMARY KEY (`banco`,`id_ingreso`),
  KEY `tipo_ing` (`tipo_ing`),
  KEY `otros_ingresos_ibfk_2` (`transaccion`),
  CONSTRAINT `otros_ingresos_ibfk_1` FOREIGN KEY (`banco`) REFERENCES `banco` (`id`),
  CONSTRAINT `otros_ingresos_ibfk_2` FOREIGN KEY (`transaccion`) REFERENCES `transacciones` (`id`) ON DELETE CASCADE ON UPDATE CASCADE,
  CONSTRAINT `otros_ingresos_ibfk_3` FOREIGN KEY (`tipo_ing`) REFERENCES `tipos_ingreso` (`id`)
) ENGINE=InnoDB DEFAULT CHARSET=utf8;

-- Volcando datos para la tabla bancos.otros_ingresos: ~0 rows (aproximadamente)
DELETE FROM `otros_ingresos`;
/*!40000 ALTER TABLE `otros_ingresos` DISABLE KEYS */;
/*!40000 ALTER TABLE `otros_ingresos` ENABLE KEYS */;


-- Volcando estructura para tabla bancos.personas
DROP TABLE IF EXISTS `personas`;
CREATE TABLE IF NOT EXISTS `personas` (
  `id` varchar(25) NOT NULL,
  `tipo_id` int(11) NOT NULL,
  `nombre1` varchar(50) NOT NULL,
  `nombre2` varchar(50) DEFAULT NULL,
  `apellido1` varchar(50) NOT NULL,
  `apellido2` varchar(50) DEFAULT NULL,
  `celular` varchar(20) NOT NULL,
  `fijo` varchar(20) DEFAULT NULL,
  `email` varchar(50) DEFAULT NULL,
  `direccion` varchar(50) DEFAULT NULL,
  `departamento_residencia` int(10) NOT NULL,
  `municipio_residencia` int(10) NOT NULL,
  `localidad` varchar(30) DEFAULT NULL,
  `departamento_nacimiento` int(10) DEFAULT NULL,
  `municipio_nacimiento` int(10) DEFAULT NULL,
  `fecha_nacimiento` date DEFAULT NULL,
  `fecha_registro` timestamp NULL DEFAULT CURRENT_TIMESTAMP,
  PRIMARY KEY (`id`),
  KEY `tipo_id` (`tipo_id`),
  KEY `municipio_residencia` (`municipio_residencia`),
  KEY `municipio_nacimiento` (`municipio_nacimiento`),
  KEY `FK_personas_departamentos` (`departamento_residencia`),
  KEY `FK_personas_departamentos_2` (`departamento_nacimiento`),
  CONSTRAINT `FK_personas_departamentos` FOREIGN KEY (`departamento_residencia`) REFERENCES `departamentos` (`id`),
  CONSTRAINT `FK_personas_departamentos_2` FOREIGN KEY (`departamento_nacimiento`) REFERENCES `departamentos` (`id`),
  CONSTRAINT `personas_ibfk_1` FOREIGN KEY (`tipo_id`) REFERENCES `tipos_id` (`id`),
  CONSTRAINT `personas_ibfk_2` FOREIGN KEY (`municipio_residencia`) REFERENCES `municipios` (`id`),
  CONSTRAINT `personas_ibfk_4` FOREIGN KEY (`municipio_nacimiento`) REFERENCES `municipios` (`id`)
) ENGINE=InnoDB DEFAULT CHARSET=utf8;

-- Volcando datos para la tabla bancos.personas: ~205 rows (aproximadamente)
DELETE FROM `personas`;
/*!40000 ALTER TABLE `personas` DISABLE KEYS */;
INSERT INTO `personas` (`id`, `tipo_id`, `nombre1`, `nombre2`, `apellido1`, `apellido2`, `celular`, `fijo`, `email`, `direccion`, `departamento_residencia`, `municipio_residencia`, `localidad`, `departamento_nacimiento`, `municipio_nacimiento`, `fecha_nacimiento`, `fecha_registro`) VALUES
	('0', 1, 'Wilfredo', '', 'Torres', '', '3144880007', '', 'wtorresariza@gmail.com', 'Calle 22a No 23 18', 9, 123, 'Yopal', 9, 123, '2009-01-01', '2009-01-01 00:00:00'),
	('1002721762', 1, 'Leydi', 'Paola', 'Lancheros', 'Nuñez', '', '', '', '', 9, 370, 'Aguablanca', 6, 204, '1988-08-03', '2013-04-23 15:01:52'),
	('1006443619', 1, 'Daya', 'Yineth', 'Castro', 'Rodriguez', 'NT', '', '', 'Entrada Zapatosa', 9, 370, 'Monterralo', 1, 1, '1993-01-18', '2013-03-20 00:00:00'),
	('10100547', 1, 'Julio', 'Eduardo', 'Martinez', '', '', '', '', 'Barrio Provivienda', 9, 370, 'Salitre', 9, 370, '1981-01-29', '2013-07-09 08:47:04'),
	('1010054759', 1, 'Jose', 'Fernando', 'Parada', 'Martinez', '', '', '', 'San Miguel Farallones', 9, 370, 'San Miguel de Farallones', 1, 1, '0000-00-00', '2013-05-31 12:27:02'),
	('1030532822', 1, 'Carol', 'Lizeth', 'Rayo', 'Salinas', 'nt', '', '', 'Centro', 9, 370, 'Monterralo', 1, 1, '1987-01-11', '2013-03-20 00:00:00'),
	('1057583889', 1, 'Ivan', 'Arley', 'Gutierrez', 'Alarcon', '3124004521', 'nt', '', 'Alto Monterralo', 9, 370, 'Monterralo', 6, 298, '1990-10-05', '2013-03-20 00:00:00'),
	('1072648219', 1, 'Maria', 'Carmenza', 'Malaver', 'Dueñas', '', '', '', 'Alto Lindo', 9, 370, 'Alto Lindo', 6, 255, '1987-10-01', '2013-03-28 15:20:02'),
	('1105293', 1, 'Carlos', 'Julio', 'Moreno', 'Arias', 'nt', '', '', 'Alto Monterralo', 9, 370, 'Monterralo', 14, 519, '1924-12-31', '2013-03-20 00:00:00'),
	('1111111111', 1, 'Kit', 'Torres', 'Pambele', '', '5555555', '', 'wtorresariza@gmail.com', 'Calle 22a No 23 18', 9, 370, 'Yopal', 20, 721, '1972-03-02', '2013-07-09 08:57:15'),
	('1111212', 1, 'Rogelio', 'Jesus', 'Castillo', '', '334234', '', '', 'Union Charte', 9, 388, 'Union Charte', 9, 370, '1980-10-01', '2013-08-26 18:09:49'),
	('1115545605', 1, 'Lady', 'Asprit', 'Carvajal', 'Martinez', '', '', '', 'Centro', 9, 370, 'Monterralo', 9, 370, '1990-01-18', '2013-03-20 15:06:35'),
	('111646571', 1, 'Diego', 'Fernando', 'Carvajal', 'Martinez', '', '', '', 'Los Mangos', 9, 370, 'Monterralo', 9, 370, '1991-01-27', '2013-03-20 15:24:12'),
	('1116542474', 1, 'Jaime', '', 'Forero', 'Avila', 'NT', '', '', 'Centro', 9, 370, 'Monterralo', 9, 370, '1986-02-28', '2013-03-20 00:00:00'),
	('1116542669', 1, 'Rudiar', 'Edelberto', 'Rojas', 'Ramirez', 'nt', '', '', 'Centro', 9, 370, 'Monterralo', 9, 370, '1986-09-09', '2013-03-20 14:49:54'),
	('1116542858', 1, 'Maria', 'Hermelinda', 'Juntinico', 'Lopez', 'nt', '', '', 'Centro', 9, 370, 'Monterralo', 9, 370, '1986-11-11', '2013-03-20 14:51:40'),
	('1116543743', 1, 'Maira', 'Leandra', 'Chaparro', 'Vargas', '3208917678', '', 'calacopineda@gmail.com', 'Alto Monterralo', 9, 370, 'Monterralo', 9, 388, '1988-01-18', '2013-03-20 14:55:37'),
	('1116543864', 1, 'Jesus', 'Alberto', 'Garzón', 'Moreno', '3115203744', '', '', 'Tierra Nueva', 9, 370, 'Alto Lindo', 9, 370, '1987-04-06', '2013-03-28 15:21:14'),
	('1116543865', 1, 'Sandra', 'Milena', 'Alarcon', 'Salguero', '', '', '', '', 9, 370, 'San Miguel de Farallones', 1, 1, '0000-00-00', '2013-04-15 17:53:06'),
	('1116544033', 1, 'Jhon', 'Darwin', 'Rojas', 'Mendieta', '3125318866', '', '', 'Centro', 9, 370, 'Monterralo', 9, 388, '1988-05-16', '2013-03-20 14:56:59'),
	('1116544164', 1, 'Ever', 'Yeisson', 'Corredor', 'Ayala', '3204187034', '', '', 'Centro', 9, 370, 'Monterralo', 9, 370, '1989-04-17', '2013-03-20 14:58:26'),
	('1116544175', 1, 'Israel', '', 'Suarez', 'Vivas', '3203164667', '', '', 'Alto Lindo', 9, 370, 'Alto Lindo', 9, 370, '1988-05-23', '2013-03-28 15:22:37'),
	('1116544297', 1, 'Jhon', 'Fredy', 'Palacios', 'Caro', '', '', '', 'Alto Monterralo', 9, 370, 'Monterralo', 9, 370, '1988-10-10', '2013-03-20 15:00:31'),
	('1116544487', 1, 'Anita', '', 'Suarez', 'Sandoval', '3204217041', '', '', 'Alto Lindo', 9, 370, 'Alto Lindo', 9, 370, '1988-10-19', '2013-03-28 15:23:29'),
	('1116544817', 1, 'Jhon', 'Jairo', 'Ayala', 'Rodriguez', '', '', '', 'Centro', 9, 370, 'Monterralo', 9, 370, '1988-10-07', '2013-03-20 15:02:34'),
	('1116544948', 1, 'Yuverney', '', 'Abril', 'Inojosa', '', '', '', 'Alto Monterralo', 9, 370, 'Monterralo', 9, 377, '1989-06-15', '2013-03-20 15:03:59'),
	('1116544977', 1, 'Victor', 'Alfonso', 'Rubiano', 'Sanchez', '3134922074', '', '', 'Centro', 9, 370, 'Monterralo', 9, 370, '1989-03-01', '2013-03-20 15:05:12'),
	('1116545626', 1, 'William', 'Alexander', 'Palacios', 'Caro', '', '', '', 'Alto Monterralo', 9, 370, 'Monterralo', 9, 380, '1990-01-29', '2013-03-20 15:07:45'),
	('1116546486', 1, 'Elkin', 'Smith', 'Ayala', 'Ramirez', '3133676837|', '', '', 'Centro', 9, 370, 'Monterralo', 9, 370, '1990-11-24', '2013-03-26 12:43:15'),
	('1116547239', 1, 'Juan', 'Carlos', 'Castro', 'Rodriguez', '', '', '', 'Via Zapatosa', 9, 370, 'Monterralo', 9, 380, '1991-11-08', '2013-03-20 15:25:40'),
	('1116547856', 1, 'Claudia', 'Susana', 'Rodriguez', 'Cardenas', '', '', '', 'Centro', 9, 370, 'Monterralo', 9, 370, '1992-03-26', '2013-03-20 15:27:11'),
	('1116547893', 1, 'Laura', 'Katerine', 'Rojas', 'Ramirez', '', '', '', 'Centro', 9, 370, 'Monterralo', 9, 370, '1992-02-03', '2013-03-20 15:28:01'),
	('1116548403', 1, 'Ismael', '', 'Suarez', 'Lancheros', '', '', '', 'Alto Lindo', 9, 370, 'Alto Lindo', 9, 370, '1993-01-25', '2013-03-28 15:24:18'),
	('1116992089', 1, 'Wilson', '', 'Campos', 'Mendoza', '', '', '', 'Alto Monterralo', 9, 370, 'Monterralo', 9, 381, '1986-11-15', '2013-03-20 15:30:10'),
	('1117484562', 1, 'Laura', 'Fernanda', 'Muñeton', 'Cubillos', '', '', '', '', 9, 370, 'San Miguel de Farallones', 1, 1, '0000-00-00', '2013-05-09 13:25:22'),
	('1118530343', 1, 'Carlos', 'Uriel', 'Sanchez', 'Rojas', '3142857300', '', '', 'Centro', 9, 370, 'Monterralo', 9, 380, '1986-02-10', '2013-03-20 15:31:11'),
	('1118530677', 1, 'Gloria', 'Esperanza', 'Incapie', 'Martinez', '3114985515', '', '', 'calle 20 21B 16', 9, 370, 'Remanso.', 1, 1, '1986-05-31', '0000-00-00 00:00:00'),
	('1118532377', 1, 'Celia', 'Maria', 'Ayala', 'Parra', '', '', '', 'El Charte', 9, 388, 'El Charte', 27, 902, '1986-07-01', '2013-05-30 20:36:04'),
	('1118533933', 1, 'Marly', 'Maria Isabel', 'Vega', 'Aponte', '3115245055', '', '', 'Centro', 9, 370, 'Monterralo', 9, 370, '1987-01-26', '2013-03-20 15:32:28'),
	('1118536094', 1, 'Jose', 'Aristides', 'Ramirez', 'Castañeda', '', '', '', 'Urbanización Monterralo', 9, 370, 'Monterralo', 9, 370, '1987-09-16', '2013-03-20 15:34:34'),
	('1118536188', 1, 'Elmar', '', 'Molina', 'Patiño', '', '', '', 'Alto Monterralo', 9, 370, 'Monterralo', 9, 370, '1987-05-10', '2013-03-20 15:35:19'),
	('1118536799', 1, 'Erney', 'Alfonso', 'Lopez', 'Rojas', '', '', '', 'Centro', 9, 370, 'Monterralo', 9, 370, '1987-10-26', '2013-03-20 15:36:08'),
	('1118542837', 1, 'Lenys', 'Stella', 'Chaparro', 'Perez', '311320447', '', '', 'Vereda el Bajo', 9, 388, 'El Bajo', 9, 388, '1990-01-10', '2013-08-25 11:06:13'),
	('1118549307', 1, 'Lyda', 'Paola', 'Gutierrez', 'Alarcon', '', '', '', 'Alto Monterralo', 9, 370, 'Monterralo', 6, 298, '1991-12-01', '2013-03-20 15:37:09'),
	('1123530624', 1, 'Ana', 'Irma', 'Suarez', 'Vivas', '3203739342', '', '', 'El Romanse', 9, 370, 'Alto Lindo', 9, 370, '1987-02-27', '2013-03-28 15:25:32'),
	('1124966', 1, 'Tiberio', '', 'Lopez', 'Quesada', '', '', '', 'Alto Monterralo', 9, 370, 'Monterralo', 9, 380, '1962-09-20', '2013-03-20 15:37:58'),
	('1125045', 1, 'Meregildo', '', 'Lopez', 'Mesa', '', '', '', '', 9, 370, 'San Miguel de Farallones', 1, 1, '0000-00-00', '2013-05-09 13:23:25'),
	('1125086', 1, 'Pedro', 'Antonio', 'Mesa', 'Lopez', '', '', '', '', 9, 370, 'San Miguel de Farallones', 1, 1, '0000-00-00', '2013-05-09 13:20:23'),
	('1129833', 1, 'Luis', 'Antonio', 'Martinez', '', '3454565', '', '', 'yopal', 9, 370, 'Yopal', 9, 388, '1983-03-10', '2013-07-09 07:02:58'),
	('11524065', 1, 'Fabian', '', 'Ospina', 'Rodriguez', '', '', '', 'Cupiagua', 9, 370, 'Cupiagua', 14, 583, '1983-07-02', '2013-03-20 15:38:54'),
	('116544486', 1, 'Jose', 'Libardo', 'Jutinico', 'Lopez', '', '', '', 'Alto Monterralo', 9, 370, 'Monterralo', 9, 370, '1988-12-18', '2013-03-20 15:01:31'),
	('116549040', 1, 'Jairo', 'Oswaldo', 'Sanchez', 'Castillo', '', '', '', 'Centro', 9, 370, 'Monterralo', 9, 370, '1993-10-12', '2013-03-20 15:28:54'),
	('14247665', 1, 'Jose', 'Angel', 'Nuñez', '', '', '', '', 'Alto Lindo', 9, 370, 'Alto Lindo', 29, 1014, '1960-02-23', '2013-03-28 15:26:23'),
	('17445003', 1, 'Olegario', '', 'Parra', 'San Miguel', '', '', '', '', 9, 370, 'San Miguel de Farallones', 1, 1, '0000-00-00', '2013-05-09 13:15:38'),
	('17589771', 1, 'Jose', 'Wuilman', 'Villamizar', 'Perez', '', '', '', 'El Charte', 9, 388, 'El Charte', 22, 823, '1975-08-01', '2013-05-30 20:39:58'),
	('17689016', 1, 'Jhon', 'Fredy', 'Mendoza', 'Sogamoso', '', '', '', '', 9, 384, 'Paso Cusiana', 1, 1, '0000-00-00', '2013-04-16 15:02:13'),
	('18506827', 1, 'Leonel', '', 'Incapie', '', '', '', '', '', 9, 370, 'San Miguel de Farallones', 1, 1, '0000-00-00', '2013-05-09 13:14:22'),
	('19105099', 1, 'Abel', 'Antonio', 'Reyes', 'Acosta', '', '', '', 'Centro', 9, 370, 'Monterralo', 14, 589, '1950-04-22', '2013-03-20 15:40:36'),
	('20788790', 1, 'Gilda', '', 'Bermudez', 'De Moreno', '', '', '', 'Centro', 9, 370, 'Monterralo', 14, 582, '1962-09-27', '2013-03-20 15:41:45'),
	('20795640', 1, 'Marlene', '', 'Moreno', 'Bermudez', '', '', '', 'Centro', 9, 370, 'Monterralo', 14, 582, '1965-10-26', '2013-03-20 15:43:23'),
	('20797909', 1, 'Belen', '', 'Rojas', 'Fernandez', '', '', '', 'Centro', 9, 370, 'Monterralo', 14, 582, '1957-11-06', '2013-03-20 15:44:11'),
	('23268442', 1, 'Maria', 'Luisa', 'Aguirre', '', '', '', '', '', 9, 370, 'San Miguel de Farallones', 1, 1, '0000-00-00', '2013-05-09 12:02:26'),
	('23270325', 1, 'Blanca', 'Aydee', 'Chaparro', 'Sanchez', '', '', '', 'Centro', 9, 370, 'Monterralo', 14, 525, '1950-12-14', '2013-03-20 15:45:13'),
	('23397677', 1, 'Dinaida', '', 'Plazas', 'Ortiz', '', '', '', 'El Charte', 9, 370, 'El Charte', 9, 370, '1981-05-02', '2013-05-30 20:33:00'),
	('23462388', 1, 'Luz', 'Marina', 'Vivas', 'Cruz', '3144177346', '', '', 'La Belleza', 9, 370, 'Alto Lindo', 9, 371, '1962-02-20', '2013-03-28 15:27:15'),
	('23462396', 1, 'Maria', 'Helena', 'Lopez', '', '', '', '', '', 9, 370, 'San Miguel de Farallones', 1, 1, '0000-00-00', '2013-05-09 11:59:45'),
	('23467366', 1, 'Doris', '', 'Moreno', 'Molina', '', '', '', '', 9, 384, 'Aguablanca', 9, 384, '1973-09-05', '2013-04-23 15:51:04'),
	('23546498', 1, 'Maria', 'Del Carmen', 'Abril', 'De Fuentes', '31182000395', '', '', 'Centro', 9, 370, 'San Benito', 6, 296, '1949-07-05', '2013-03-20 15:47:41'),
	('23575889', 1, 'Carmenza', '', 'Perez', 'Cardenas', '', '', '', 'Vereda El Charte', 9, 388, 'El Charte', 6, 252, '1957-05-15', '2013-05-30 20:28:00'),
	('23675649', 1, 'Blanca', 'Nieves', 'Hernandez', 'Perez', '3124509432', '', '', 'Finca La Maporita', 9, 388, 'El Bajo', 6, 252, '1959-05-01', '2013-08-25 11:18:23'),
	('23740553', 1, 'Ana', 'Isabel', 'Aponte', 'Pinzon', '', '', '', 'Centro', 9, 370, 'Monterralo', 9, 375, '1959-10-05', '2013-03-20 15:49:02'),
	('23740622', 1, 'Yolanda', 'Orlanda', 'Melo', 'De Quevedo', '', '', '', 'Centro', 9, 370, 'Monterralo', 9, 370, '1957-11-01', '2013-03-20 15:49:53'),
	('23740687', 1, 'Adelina', '', 'Roa', '', '', '', '', '', 9, 370, 'San Miguel de Farallones', 1, 1, '0000-00-00', '2013-05-09 11:01:42'),
	('23741926', 1, 'Zeila', '', 'Gutierrez', '', '', '', '', 'El Charte', 9, 388, 'El Charte', 9, 388, '1963-09-01', '2013-05-30 20:43:55'),
	('23780333', 1, 'Carmen', 'Ligia', 'Garzón', '', '', '', '', '', 9, 370, 'San Miguel de Farallones', 1, 1, '0000-00-00', '2013-05-09 11:14:54'),
	('23790090', 1, 'Ilvia', 'Maria', 'Martinez', '', '', '', '', '', 9, 370, 'San Miguel de Farallones', 1, 1, '0000-00-00', '2013-05-09 13:18:00'),
	('23795073', 1, 'Consuelo', 'Isabel', 'Garcia', 'Castillo', '', '', '', '', 9, 370, 'San Miguel de Farallones', 1, 1, '0000-00-00', '2013-05-09 13:09:23'),
	('23835062', 1, 'Ligia', '', 'Hinojosa', 'Carvajal', '', '', '', 'Centro', 9, 370, 'Monterralo', 9, 377, '1963-08-27', '2013-03-20 15:51:05'),
	('23835244', 1, 'Graciela', '', 'Gonzalez', 'Mare', '', '', '', 'Centro', 9, 370, 'Monterralo', 9, 377, '1965-11-20', '2013-03-20 15:52:04'),
	('23862114', 1, 'Temilda', '', 'Sanchez', 'Chaparro', '', '', '', 'Alto Monterralo', 9, 370, 'Monterralo', 9, 371, '1966-11-05', '2013-03-20 15:52:49'),
	('23862176', 1, 'Miriam', '', 'Vera', 'Patiño', '3134802723', '', '', 'Alto Monterralo', 9, 370, 'Monterralo', 9, 370, '1968-10-17', '2013-03-20 15:53:57'),
	('23862292', 1, 'Mariela', '', 'Sanchez', 'Vega', '3123508049', '', '', 'Centro', 9, 370, 'Monterralo', 6, 267, '1969-01-01', '2013-03-20 16:04:41'),
	('23862343', 1, 'Olga', 'Yaneth', 'Ramirez', 'Castañeda', '', '', '', 'Centro', 9, 370, 'Monterralo', 6, 325, '1976-02-09', '2013-03-20 16:05:40'),
	('23862394', 1, 'Elsa', '', 'Ramirez', 'Castañeda', '', '', '', 'Centro', 9, 370, 'Monterralo', 6, 325, '1974-06-26', '2013-03-20 16:06:26'),
	('23862430', 1, 'Ninfa', 'Enriqueta', 'Alarcon', 'Perez', '', '', '', 'Finca Monterralo', 9, 370, 'Monterralo', 6, 267, '1981-12-14', '2013-03-20 16:07:19'),
	('23909723', 1, 'Fileligna', '', 'Perez', 'De Rojas', '3143120844', '', '', 'Centro', 9, 370, 'Monterralo', 6, 271, '1935-09-07', '2013-03-20 16:08:24'),
	('23943168', 1, 'Carmen', '', 'Cardozo', 'Pedraza', '', '', '', 'Centro', 9, 370, 'Monterralo', 6, 205, '1957-10-29', '2013-03-20 16:09:08'),
	('23978195', 1, 'Vitelvina', '', 'Castro', 'De Roa', '', '', '', 'Los Mangos', 9, 370, 'Monterralo', 6, 298, '1941-09-27', '2013-03-20 16:10:19'),
	('23978323', 1, 'Trinidad', '', 'Martinez', 'Parra', '3202648628', '', '', 'Los Mangos', 9, 370, 'Monterralo', 9, 380, '1961-10-03', '2013-03-20 16:11:07'),
	('23978341', 1, 'Lilia', '', 'Martinez', 'Parra', '3212090309', '', '', 'Centro', 9, 370, 'Monterralo', 9, 380, '1967-08-31', '2013-03-20 16:12:08'),
	('23983425', 1, 'Mirta', 'Nubia', 'Rojas', 'Lopez', '', '', '', 'Centro', 9, 370, 'Monterralo', 6, 278, '1959-12-19', '2013-03-20 16:12:59'),
	('24031021', 1, 'Marinelva', '', 'Rincon', 'Rojas', '3114578569', '', '', 'Centro', 9, 370, 'Monterralo', 6, 285, '1968-10-25', '2013-03-20 16:14:10'),
	('24109329', 1, 'Alicia', '', 'Vargas', 'De Calvo', '', '', '', '', 9, 370, 'San Miguel de Farallones', 1, 1, '0000-00-00', '2013-05-09 12:26:30'),
	('24116693', 1, 'Maria', 'Helena', 'Siabato', 'De Ladino', '', '', '', 'Caño Negro', 9, 370, 'Alto Lindo', 6, 257, '1944-12-27', '2013-03-28 15:28:23'),
	('24225626', 1, 'Ubaldina', '', 'Acosta', '', '', '', '', '', 9, 370, 'San Miguel de Farallones', 1, 1, '0000-00-00', '2013-05-09 13:04:42'),
	('24225818', 1, 'Graciela', '', 'Echeverria', '', '', '', '', '', 9, 370, 'San Miguel de Farallones', 1, 1, '0000-00-00', '2013-05-08 20:43:53'),
	('24226088', 1, 'Maria', 'Evelia', 'Martinez', '', '', '', '', 'San Miguel Farallones', 9, 370, 'San Miguel de Farallones', 1, 1, '0000-00-00', '2013-05-31 10:58:46'),
	('2422623', 1, 'Soraida', '', 'Camacho', 'Barreto', '3143034460', '', '', 'Via Zapatosa', 9, 370, 'Monterralo', 9, 370, '1964-08-02', '2013-03-20 16:18:39'),
	('24226283', 1, 'Blanca', 'Maria', 'Vargas', 'Rubiano', '3124575156', '', '', 'Centro', 9, 370, 'Monterralo', 14, 582, '1960-02-18', '2013-03-20 16:15:03'),
	('24226364', 1, 'Fanny', 'Stela', 'Roa', 'Castro', '', '', '', 'Alto Monterralo', 9, 370, 'Monterralo', 6, 267, '1959-07-29', '2013-03-20 16:15:56'),
	('24226433', 1, 'Maria', 'Hilda', 'Sandoval', '', '3114499579', '', '', 'Alto Lindo', 9, 370, 'Alto Lindo', 9, 370, '1958-03-11', '2013-03-28 15:29:13'),
	('24226606', 1, 'Eulalia', '', 'Vargas', '', '', '', '', 'Centro', 9, 370, 'Monterralo', 9, 370, '1963-01-18', '2013-03-20 16:16:47'),
	('24226819', 1, 'Ana', 'Silvia', 'Rojas', 'Perez', '3143900353', '', '', 'Centro', 9, 370, 'Monterralo', 6, 317, '1955-07-18', '2013-03-20 16:17:45'),
	('24226827', 1, 'Martha', '', 'Becerra', 'Perez', '3142900577', '', '', 'Alto Lindo', 9, 370, 'Alto Lindo', 9, 370, '1974-01-01', '2013-03-28 15:33:19'),
	('24226979', 1, 'Estela', '', 'Calvo', 'Vargas', '', '', '', '', 9, 370, 'San Miguel de Farallones', 1, 1, '0000-00-00', '2013-05-09 13:35:30'),
	('24227072', 1, 'Blanca', 'Lilia', 'Cubides', '', '', '', '', '', 9, 370, 'San Miguel de Farallones', 1, 1, '0000-00-00', '2013-05-09 13:36:45'),
	('24227211', 1, 'Maria', 'Esther', 'Torres', 'Sanchez', '3125067109', '', '', 'Alto Lindo', 9, 370, 'Alto Lindo', 9, 370, '1958-11-04', '2013-03-28 15:38:44'),
	('24227280', 1, 'Maria', 'Yaneth', 'Martinez', '', '', '', '', '', 9, 370, 'San Miguel de Farallones', 1, 1, '0000-00-00', '2013-05-09 13:38:58'),
	('24227283', 1, 'Cecilia', '', 'Ramirez', 'Castañeda', '', '', '', 'Los Lirios', 9, 370, 'Monterralo', 6, 325, '1969-01-14', '2013-03-20 16:19:45'),
	('24227401', 1, 'Adiela', '', 'Rodriguez', 'Galvis', '', '', '', 'Centro', 9, 370, 'Monterralo', 9, 370, '1968-09-22', '2013-03-20 16:20:27'),
	('24227428', 1, 'Clelia', '', 'Cely', 'Aguirre', '', '', '', '', 9, 370, 'San Miguel de Farallones', 1, 1, '0000-00-00', '2013-05-09 12:31:31'),
	('24227500', 1, 'Mercedes', '', 'Moreno', 'Mateus', '3102806256', '', '', 'Tierra Nueva', 9, 370, 'Alto Lindo', 9, 370, '1960-08-30', '2013-03-28 15:39:32'),
	('24227527', 1, 'Leticia', '', 'Jimenez', 'Chaparro', '', '', '', 'Centro', 9, 370, 'Monterralo', 9, 370, '1969-04-25', '2013-03-20 16:21:07'),
	('24227549', 1, 'Margarita', '', 'Caro', 'Palacios', '', '', '', 'Alto Monterralo', 9, 370, 'Monterralo', 6, 208, '1967-06-03', '2013-03-20 16:21:58'),
	('24227571', 1, 'Elsa', 'Edith', 'Jimenez', 'Chaparro', '3133444935', '', '', 'Centro', 9, 370, 'Monterralo', 9, 370, '1967-02-01', '2013-03-20 16:22:51'),
	('24227905', 1, 'Maria', 'Eugenia', 'Ojeda', 'Rivera', '', '', '', 'Centro', 9, 370, 'Monterralo', 9, 370, '1973-11-09', '2013-03-20 16:23:35'),
	('24227980', 1, 'Rubiela', '', 'Palacios', 'Torres', '3125796658', '', '', 'Paso Cusiana', 9, 384, 'Paso Cusiana', 9, 370, '1974-03-06', '2013-08-01 18:13:12'),
	('24228026', 1, 'Nalfi', 'Maria', 'Prieto', 'Perez', '', '', '', 'Alto Monterralo', 9, 370, 'Monterralo', 9, 370, '1959-11-15', '2013-03-20 16:24:18'),
	('24228029', 1, 'Astrid', '', 'Gomez', '', '', '', '', 'Alto Monterralo', 9, 370, 'Monterralo', 9, 370, '1974-06-10', '2013-03-20 16:24:57'),
	('24228054', 1, 'Flor', 'Elvia', 'Palacios', 'Barrera', '3138129778', '', '', 'Los Lirios', 9, 370, 'Monterralo', 9, 370, '1968-06-21', '2013-03-20 16:25:53'),
	('24228128', 1, 'Cenubia', '', 'Ayala', 'Niño', '', '', '', 'Centro', 9, 370, 'Monterralo', 9, 370, '1967-11-18', '2013-03-20 16:26:40'),
	('24228495', 1, 'Yaqueline', '', 'Perez', 'Olmos', '', '', '', 'Centro', 9, 370, 'Monterralo', 9, 370, '1976-09-15', '2013-03-20 16:28:15'),
	('24228543', 1, 'Armida', '', 'Ladino', 'Siabato', '3204083271', '', '', 'Caño Negro', 9, 370, 'Alto Lindo', 9, 370, '1976-06-06', '2013-03-28 15:40:49'),
	('24228544', 1, 'Yorley', '', 'Ayala', 'Niño', '', '', '', 'Centro', 9, 370, 'Monterralo', 9, 370, '1975-11-01', '2013-03-20 16:27:33'),
	('24228562', 1, 'Luz', 'Marina', 'Lancheros', 'Suarez', '3118058732', '', '', 'Alto Lindo', 9, 370, 'Alto Lindo', 6, 255, '1974-12-23', '2013-03-28 15:41:54'),
	('24228601', 1, 'Sisney', '', 'Arcila', 'Montoya', '', '', '', 'Chichaca', 9, 370, 'Cupiagua', 3, 133, '1976-09-10', '2013-03-20 17:10:33'),
	('24228637', 1, 'Graciela', '', 'Ramirez', 'Huertas', '3112941931', '', '', 'Alto Lindo', 9, 370, 'Alto Lindo', 6, 325, '1977-10-08', '2013-03-28 15:42:50'),
	('24228839', 1, 'Blanca', 'Cecilia', 'Rodriguez', '', '', '', '', 'Centro', 9, 370, 'Monterralo', 14, 517, '1965-11-21', '2013-03-20 17:12:13'),
	('24229580', 1, 'Lilia', '', 'Monroy', 'De Buitrago', '', '', '', '', 9, 370, 'San Miguel de Farallones', 1, 1, '0000-00-00', '2013-04-15 16:52:55'),
	('24230897', 1, 'Dora', 'Aidee', 'Mogollon', 'Gutierrez', '3135719678', '', '', 'Alto Lindo', 9, 370, 'Alto Lindo', 9, 375, '1971-09-20', '2013-03-28 15:43:54'),
	('24245537', 1, 'Jesus', 'Ana', 'Cardenas', 'Siachoque', '3202166249', '', '', 'Centro', 9, 370, 'Monterralo', 9, 370, '1966-07-26', '2013-03-20 17:15:33'),
	('24752754', 1, 'Luis', 'Harvey', 'Calvo', 'Vargas', '', '', '', '', 9, 370, 'San Miguel de Farallones', 1, 1, '0000-00-00', '2013-05-08 17:58:32'),
	('25547334', 1, 'Sandra', 'Patricia', 'Zambrano', 'Velazco', '', '', '', 'Urbanización Monterralo', 9, 370, 'Monterralo', 10, 409, '1984-03-24', '2013-03-20 17:17:15'),
	('28268486', 1, 'Maria', 'Eugenia', 'Jimenez', 'Velandia', '', '', '', 'Centro', 9, 370, 'Monterralo', 27, 972, '1966-06-07', '2013-03-20 17:18:51'),
	('3008681', 1, 'Yudi', 'Yaneth', 'Biracacha', 'Vaquero', '', '', '', '', 9, 370, 'San Miguel de Farallones', 1, 1, '0000-00-00', '2013-05-09 13:55:22'),
	('3116649', 1, 'Jose', 'Avilio', 'Rubiano', '', '', '', '', 'Centro', 9, 370, 'Monterralo', 14, 582, '1948-08-08', '2013-03-20 17:20:32'),
	('3146836', 1, 'Luis', 'Alejandro', 'Genera', 'Rodriguez', '', '', '', 'Monterralo', 9, 370, 'Monterralo', 14, 583, '1977-08-29', '2013-03-20 17:22:13'),
	('33446820', 1, 'julieta', '', 'Otalora', 'Gonzales', '3115768673', '', '', 'Centro', 9, 370, 'Monterralo', 6, 298, '1950-07-31', '2013-03-20 17:23:44'),
	('33448791', 1, 'Maria', 'Inez', 'Barrera', 'De Aricapa', '3112306655', '', '', 'Centro', 9, 370, 'Monterralo', 6, 246, '1955-02-03', '2013-03-20 17:25:59'),
	('33481025', 1, 'Deyssi', 'Lissney', 'Rivera', 'Camargo', '', '', '', 'El Charte', 9, 388, 'El Charte', 9, 388, '1985-06-15', '2013-05-30 20:41:41'),
	('33625090', 1, 'Maria', 'Nohora', 'Lancheros', 'Vargas', '3212043945', '', '', 'Alto Lindo', 9, 370, 'Alto Lindo', 6, 275, '1981-10-05', '2013-03-28 15:45:22'),
	('33625594', 1, 'Diana', 'Shirley', 'Cely', 'Rodriguez', '', '', '', '', 9, 384, 'Aguablanca', 9, 384, '1985-12-26', '2013-04-23 15:36:53'),
	('33635607', 1, 'Alba', 'Yazmin', 'Lopez', 'Cubides', '', '', '', '', 9, 370, 'San Miguel de Farallones', 1, 1, '0000-00-00', '2013-05-08 20:11:07'),
	('33645153', 1, 'Delia', 'Patricia', 'Lopez', 'Martinez', '3114409774', '', 'deliapatricia@hotmail.com', 'Los Mangos', 9, 370, 'Monterralo', 9, 380, '1979-06-22', '2013-03-20 17:28:11'),
	('33645214', 1, 'Carmenza', '', 'Lancheros', 'Vargas', '3203675794', '', '', 'Alto Lindo', 9, 370, 'Alto Lindo', 6, 275, '1978-08-09', '2013-03-28 15:46:48'),
	('33645235', 1, 'Zenaida', '', 'Lancheros', 'Vargas', '', '', '', 'Alto Lindo', 9, 370, 'Alto Lindo', 1, 1, '1974-08-17', '2013-03-28 15:47:50'),
	('33645590', 1, 'Maria', 'Omaira', 'Malogon', 'Diaz', '', '', '', 'Urbanización Monterralo', 9, 370, 'Monterralo', 9, 380, '1973-09-07', '2013-03-20 17:29:16'),
	('33645731', 1, 'Nery', '', 'Vivas', '', '3115490506', '', '', 'Alto Lindo', 9, 370, 'Alto Lindo', 9, 371, '1981-01-26', '2013-03-28 15:48:52'),
	('33646059', 1, 'Maria', 'Emilse', 'Lopez', 'Cubides', '', '', '', '', 9, 370, 'San Miguel de Farallones', 1, 1, '0000-00-00', '2013-05-08 18:40:20'),
	('33646297', 1, 'Betty', 'Yazmin', 'Lopez', 'Martinez', '3112932174', '', '', 'Los Mangos', 9, 370, 'Monterralo', 9, 380, '1983-01-20', '2013-03-20 17:30:24'),
	('33646413', 1, 'Luz', 'Mery', 'Porras', '', '', '', '', '', 9, 370, 'San Miguel de Farallones', 1, 1, '0000-00-00', '2013-05-09 12:36:23'),
	('33646523', 1, 'Floralba', '', 'Lopez', 'Mayorga', '3204794265', '', '', 'Alto Lindo', 9, 370, 'Alto Lindo', 9, 370, '1983-05-21', '2013-03-28 15:50:30'),
	('33646557', 1, 'Francy', 'Julieth', 'Castro', 'Rodriguez', '3125385438', '', '', 'Barrio', 9, 370, 'Monterralo', 9, 370, '1983-10-19', '2013-03-20 17:31:38'),
	('33646759', 1, 'Dinalith', '', 'Botia', 'Patiño', '', '', '', '', 9, 370, 'San Miguel de Farallones', 1, 1, '0000-00-00', '2013-05-09 13:51:58'),
	('33646957', 1, 'Brisa', 'Yolanda', 'Gallego', 'Lopez', '', '', '', 'Centro', 9, 370, 'Monterralo', 9, 370, '1984-10-12', '2013-03-20 17:32:48'),
	('33647101', 1, 'Elsa', '', 'Suarez', 'Vivas', '', '', '', 'El Pedregal', 9, 370, 'Alto Lindo', 9, 370, '1985-08-25', '2013-03-28 15:51:18'),
	('37923785', 1, 'Aracelis', '', 'Orozco', 'Rico', '', '', '', '', 9, 384, 'Paso Cusiana', 1, 1, '0000-00-00', '2013-04-16 14:09:54'),
	('39529636', 1, 'Teresa', 'De Jesus', 'Mendieta', 'Vargas', '', '', '', 'Centro', 9, 370, 'Monterralo', 6, 278, '1962-08-15', '2013-03-20 17:34:00'),
	('40030617', 1, 'Maria', 'Mercedes', 'Reyes', 'Salamanca', '', '', '', 'Centro', 9, 370, 'Monterralo', 6, 317, '1970-09-28', '2013-03-20 17:35:07'),
	('40040542', 1, 'Luz', 'Stella', 'Rodriguez', 'Martinez', '3208420671', '', '', 'Centro', 9, 370, 'Monterralo', 6, 255, '1976-02-11', '2013-03-20 17:37:12'),
	('40306169', 1, 'Angie', 'Marcela', 'Cardona', '', '', '', '', '', 9, 370, 'San Miguel de Farallones', 1, 1, '0000-00-00', '2013-05-09 12:06:50'),
	('40438758', 1, 'Adriana', 'Aurora', 'Velasquez', 'Esquibel', '3132929392', '', '', '', 9, 384, 'Aguablanca', 20, 748, '1975-06-02', '2013-04-23 15:19:42'),
	('4088437', 1, 'Marco', 'Antonio', 'Mendoza', 'Fiegueredo', '3133276092', '', '', 'El Pedregal', 9, 370, 'Alto Lindo', 9, 384, '1957-10-28', '2013-03-28 15:52:16'),
	('4143061', 1, 'Parmenio', 'Antonio', 'Alarcon', 'Peña', '3142116843', '', '', 'Finca Paramo', 9, 370, 'Monterralo', 6, 252, '1946-08-23', '2013-03-20 17:38:18'),
	('4193421', 1, 'Mauricio', '', 'Lopez', 'Sanchez', '3132279478', '', '', 'Los Mangos', 9, 370, 'Monterralo', 9, 380, '1957-01-05', '2013-03-20 17:39:27'),
	('4193433', 1, 'Silvio', 'De Jesus', 'Lopez', 'Medina', '3118200202', '', '', 'Centro', 9, 370, 'Monterralo', 29, 1028, '1957-02-27', '2013-03-20 17:40:29'),
	('4193461', 1, 'Pedro', 'Jose', 'Porres', '', '', '', '', '', 9, 370, 'San Miguel de Farallones', 1, 1, '0000-00-00', '2013-05-08 20:17:00'),
	('4193751', 1, 'Irinarco', '', 'Lopez', 'Medina', '', '', '', 'Sin Direccion', 9, 370, 'Monterralo', 6, 267, '1962-06-05', '2013-03-20 17:41:45'),
	('4193800', 1, 'Senen', '', 'Carvajal', '', '3115307070', '', '', 'Sin Direccion', 9, 370, 'Monterralo', 6, 267, '1966-03-04', '2013-03-20 17:42:51'),
	('4193814', 1, 'Adolfo', '', 'Rojas', 'Rojas', '', '', '', 'Centro', 9, 370, 'Monterralo', 6, 267, '1960-09-27', '2013-03-20 17:44:02'),
	('4193918', 1, 'Francisco', 'Antonio', 'Molina', 'Montaña', '', '', '', 'Alto Monterralo', 9, 370, 'Monterralo', 6, 298, '1965-09-17', '2013-03-20 17:45:07'),
	('4214564', 1, 'Alexander', '', 'Rivera', 'Garzon', '3112278033', '', '', 'Centro', 9, 370, 'Monterralo', 9, 379, '1968-11-05', '2013-03-20 17:46:07'),
	('4226218', 1, 'Hermelindo', '', 'Forero', 'Jimenez', '', '', '', 'Alto Monterralo', 9, 370, 'Monterralo', 6, 278, '1943-12-26', '2013-03-20 17:47:12'),
	('4226332', 1, 'Carlos', 'Julio', 'Alvarez', 'Sanabria', '', '', '', 'Los Lirios', 9, 370, 'Monterralo', 6, 278, '1954-11-10', '2013-03-20 17:48:07'),
	('4226496', 1, 'Beyer', 'Hernando', 'Rojas', 'Lopez', '3114749783', '', '', 'Los Lirios', 9, 370, 'Monterralo', 6, 278, '1961-07-10', '2013-03-20 17:49:36'),
	('4237844', 1, 'Jose', 'Eulisis', 'Medina', 'Amaya', '', '', '', 'Centro', 9, 370, 'Monterralo', 6, 285, '1960-02-10', '2013-03-20 17:51:06'),
	('4295379', 1, 'Miguel', 'Antonio', 'Gonzalez', 'Hernandez', '', '', '', 'Sin Direccion', 9, 370, 'Monterralo', 6, 252, '1955-12-01', '2013-03-20 17:52:56'),
	('4295413', 1, 'Nelson', 'Eduardo', 'Vega', '', '', '', '', 'Centro', 9, 370, 'Monterralo', 9, 370, '1955-11-25', '2013-03-20 17:53:48'),
	('4297922', 1, 'Siervo', '', 'Cruz', '', '', '', '', '', 9, 370, 'San Miguel de Farallones', 1, 1, '0000-00-00', '2013-05-09 12:37:57'),
	('4298379', 1, 'Miguel', 'Antonio', 'Gonzalez', 'Hernandez', '', '', '', 'Alto Monterralo', 9, 370, 'Monterralo', 6, 252, '1955-12-01', '2013-03-20 17:55:02'),
	('46357549', 1, 'Blanca', 'Ines', 'Alfonso', '', '', '', '', '', 9, 370, 'San Miguel de Farallones', 1, 1, '0000-00-00', '2013-05-09 13:56:57'),
	('46359873', 1, 'Martha', 'Ligia', 'Aguilar', 'Camargo', '3115922802', '', '', 'Centro', 9, 370, 'Monterralo', 6, 261, '1964-01-03', '2013-03-20 17:57:10'),
	('46361379', 1, 'Maria', 'Julia', 'Alarcon', '', '', '', '', 'Alto Monterralo', 9, 370, 'Monterralo', 6, 298, '1965-11-26', '2013-03-20 17:58:14'),
	('46369916', 1, 'Yaneth', '', 'Perez', 'Olmos', '', '', '', 'Centro', 9, 370, 'Monterralo', 9, 370, '1970-11-25', '2013-03-20 18:01:50'),
	('46373350', 1, 'Luz', 'Mery', 'Hernandez', 'Perez', '', '', '', 'Urbanización Monterralo', 9, 370, 'Monterralo', 6, 267, '1976-03-24', '2013-03-20 18:03:06'),
	('46387407', 1, 'Durley', 'Enid', 'Murcia', 'Camacho', '31430034460', '', '', 'Entrada Zapatosa', 9, 370, 'Monterralo', 9, 388, '1985-11-03', '2013-03-20 18:04:36'),
	('46670006', 1, 'Clara', 'Marcela', 'Buitrago', 'Vivas', '3125706640', '', 'merechellaluna@hotmail.com', 'Finca Villa Susy', 9, 370, 'Monterralo', 6, 234, '1980-04-03', '2013-03-20 18:07:07'),
	('47366815', 1, 'Luz', 'Stella', 'Chaparro', 'Patiño', '3143740976', '', '', 'Centro', 9, 370, 'Monterralo', 6, 267, '1969-02-15', '2013-03-20 18:00:54'),
	('47427193', 1, 'Margarita', '', 'Rodriguez', 'Galvis', '', '', '', 'Centro', 9, 370, 'Monterralo', 6, 297, '1964-08-12', '2013-03-20 18:08:04'),
	('47430781', 1, 'Luz', 'Stella', 'Carvajal', 'Cocinero', '3103435547', '', '', 'Centro', 9, 370, 'Monterralo', 6, 267, '1973-02-16', '2013-03-26 10:22:40'),
	('47430988', 1, 'Edilma', '', 'Gonzalez', 'Rodriguez', '3124315808', '', '', 'El Bajo', 9, 388, 'El Bajo', 9, 388, '1972-06-19', '2013-08-25 11:49:31'),
	('47434394', 1, 'Blanca', 'Dilma', 'Sanchez', 'Quesada', '', '', '', 'Centro', 9, 370, 'Monterralo', 9, 371, '1972-11-15', '2013-03-26 10:23:37'),
	('47437040', 1, 'Lyda', 'Yaneth', 'Quevedo', 'Melo', '', '', '', 'Centro', 9, 370, 'Monterralo', 9, 388, '1980-01-08', '2013-03-26 10:24:26'),
	('47438835', 1, 'Mirtha', 'Mireya', 'Lopez', 'Rojas', '3138327839', '', '', 'Centro', 9, 370, 'Monterralo', 6, 267, '1981-06-29', '2013-03-26 10:25:36'),
	('47439797', 1, 'Adriana', 'Milena', 'Ayala', 'Parra', '', '', '', 'El Charte', 9, 388, 'El Charte', 9, 388, '1981-05-24', '2013-05-30 20:30:08'),
	('47440977', 1, 'Blanca', 'Nubia', 'Laverde', 'Mojica', '', '', '', 'El Charte', 9, 388, 'El Charte', 9, 388, '1983-03-10', '2013-05-30 20:34:39'),
	('51697578', 1, 'Rosa', 'Maria', 'Sierra', 'Pedraza', '3118101514', '', '', 'Finca Bellavista', 9, 370, 'Monterralo', 6, 267, '1959-11-08', '2013-03-26 10:26:34'),
	('51967763', 1, 'Maria', 'Stella', 'Ramirez', 'Perez', '', '', '', 'Centro', 9, 370, 'Monterralo', 14, 582, '1969-06-15', '2013-03-26 10:27:21'),
	('52258003', 1, 'Marta', 'Cecilia', 'Avila', 'Lopez', '', '', '', '', 9, 384, 'Aguablanca', 9, 384, '1975-01-05', '2013-04-23 15:55:27'),
	('52415133', 1, 'Blanca', 'Susana', 'Maldonado', 'Maldonado', '', '', '', 'centro', 9, 370, 'Monterralo', 6, 273, '1976-06-13', '2013-03-26 10:29:22'),
	('52466119', 1, 'Angie', 'Alejandra', 'Rojas', 'Perez', '3143120844', '', '', 'Centro', 9, 370, 'Monterralo', 14, 525, '1978-02-13', '2013-03-26 10:30:16'),
	('52802686', 1, 'Liliana', '', 'Moreno', 'Echeverria', '', '', '', 'San Miguel Farallones', 9, 370, 'San Miguel de Farallones', 1, 1, '0000-00-00', '2013-05-31 11:22:44'),
	('5910600', 1, 'Flaminio', '', 'Calvo', '', '', '', '', '', 9, 370, 'San Miguel de Farallones', 1, 1, '0000-00-00', '2013-05-09 13:31:16'),
	('60446407', 1, 'Luz', 'Mery', 'Castro', 'Rodriguez', '', '', '', 'Centro', 9, 370, 'Monterralo', 9, 370, '1985-05-20', '2013-03-26 10:31:09'),
	('63477306', 1, 'Maria', 'Helena', 'Vega', '', '', '', '', '', 9, 370, 'San Miguel de Farallones', 1, 1, '0000-00-00', '2013-05-09 13:29:07'),
	('63511321', 1, 'Luz', 'Mary', 'Ayala', 'Parra', '', '', '', 'El Charte', 9, 388, 'El Charte', 27, 902, '1975-02-27', '2013-05-30 20:45:28'),
	('6746826', 1, 'Alcides', '', 'Cely', '', '', '', '', '', 9, 370, 'San Miguel de Farallones', 1, 1, '0000-00-00', '2013-05-09 13:12:41'),
	('6771136', 1, 'Jose', 'Alfonso', 'Castro', 'Alarcon', '', '', '', 'Los Mangos', 9, 370, 'Monterralo', 6, 317, '1964-10-23', '2013-03-26 10:32:15'),
	('6775529', 1, 'Carlos', 'Mauricio', 'Martinez', 'Reina', '', '', '', 'Centro', 9, 370, 'Monterralo', 6, 322, '1965-08-07', '2013-03-26 10:33:05'),
	('7224308', 1, 'Hector', 'Julio', 'Palacios', 'Jimenez', '3124475130', '', '', 'Centro', 9, 370, 'Monterralo', 6, 234, '1968-07-28', '2013-03-26 10:33:56'),
	('7363858', 1, 'Toribio', '', 'Huertas', '', '', '', '', '', 9, 370, 'San Miguel de Farallones', 1, 1, '0000-00-00', '2013-05-09 12:29:02'),
	('74081730', 1, 'Alexander', 'Millan', 'Patiño', '', '', '', '', 'Centro', 9, 370, 'Monterralo', 9, 388, '1982-06-02', '2013-03-26 10:34:47'),
	('74186235', 1, 'Jorge', 'Eliecer', 'Flores', 'Acevedo', '', '', '', 'Alto Monterralo', 9, 370, 'Monterralo', 6, 298, '1979-02-16', '2013-03-26 10:35:40'),
	('74187559', 1, 'Juan', 'Manuel', 'Silva', '', '', '', '', '', 9, 370, 'San Miguel de Farallones', 1, 1, '0000-00-00', '2013-05-09 13:11:39'),
	('74343047', 1, 'Julio', 'Roberto', 'Cruz', 'Castro', '', '', '', 'Urbanización Mirador', 9, 370, 'Monterralo', 9, 380, '1968-02-08', '2013-03-26 10:36:48'),
	('74343058', 1, 'Jose', 'Omar', 'Patiño', 'Agudelo', '', '', '', 'Centro', 9, 370, 'Monterralo', 6, 267, '1971-05-21', '2013-03-26 10:37:37'),
	('74343232', 1, 'Rafael', 'Antonio', 'Penagos', '', '', '', '', 'Centro', 9, 370, 'Monterralo', 6, 267, '1975-12-06', '2013-03-26 10:38:50'),
	('74343239', 1, 'Julio', 'Enrique', 'Avila', 'Parra', '', '', '', 'Alto Monterralo', 9, 370, 'Monterralo', 9, 380, '1976-01-15', '2013-03-26 10:39:42'),
	('74343300', 1, 'Hildebrando', 'Alarcon', 'Perez', '', '3132446041', '', '', 'Finca Paramo', 9, 370, 'Monterralo', 6, 267, '1980-10-15', '2013-03-26 10:40:50'),
	('74348056', 1, 'Gonzalo', '', 'Rodriguez', 'Chacon', '3142606862', '', '', 'Alto Lindo', 9, 370, 'Alto Lindo', 6, 255, '1983-12-30', '2013-03-28 15:53:11'),
	('74358607', 1, 'Olimpo', '', 'Cardenas', 'Siachoque', '', '', '', 'Monterralo', 9, 370, 'Monterralo', 9, 370, '1972-02-08', '2013-03-26 10:41:44'),
	('74436453', 1, 'Luis', 'Alejandro', 'Herrera', 'Pedraza', '', '', '', 'Urbanización Monterralo', 9, 370, 'Monterralo', 6, 316, '1985-04-29', '2013-03-26 10:42:45'),
	('744754122', 1, 'Jose', 'Hermelindo', 'Forero', 'Avila', '', '', '', 'Alto Monterralo', 9, 370, 'Monterralo', 9, 370, '1980-11-03', '2013-03-26 11:12:16'),
	('74488053', 1, 'Filemon', '', 'Alarcon', 'Ladino', '3125388063', '', '', 'Cabaña Primaveral', 9, 370, 'Alto Lindo', 6, 257, '1968-01-25', '2013-03-28 15:54:17'),
	('74750069', 1, 'Luis', 'Alfredo', 'Chaparro', '', '', '', '', 'Centro', 9, 370, 'Monterralo', 9, 371, '1954-01-08', '2013-03-26 10:43:28'),
	('74750219', 1, 'Juan', 'Esteban', 'Torres', '', '', '', '', '', 9, 370, 'San Miguel de Farallones', 1, 1, '0000-00-00', '2013-05-09 11:11:42'),
	('74750257', 1, 'Mario', '', 'Sanchez', '', '', '', '', '', 9, 370, 'San Miguel de Farallones', 1, 1, '0000-00-00', '2013-04-15 15:56:53'),
	('74750263', 1, 'Marco', 'Tulio', 'Suarez', 'Jimenez', '3144177346', '', '', 'Alto Lindo', 9, 370, 'Alto Lindo', 9, 371, '1954-08-14', '2013-03-28 15:55:10'),
	('74750270', 1, 'Pedro', 'Gabriel', 'Camacho', 'Barreto', '', '', '', 'Cupiagua', 9, 370, 'Monterralo', 27, 949, '1960-05-01', '2013-03-26 10:44:27'),
	('74750322', 1, 'Pedro', 'De Jesus', 'Alarcon', '', '311890890', '', '', 'Centro', 9, 370, 'Monterralo', 6, 205, '1977-08-15', '2013-03-26 10:45:23'),
	('74750389', 1, 'Jorge', '', 'Perilla', 'Bautista', '312411171', '', '', 'Centro', 9, 370, 'Cupiagua', 9, 370, '1960-05-24', '2013-03-26 10:46:50'),
	('74750448', 1, 'Felix', 'Antonio', 'Murcia', 'Parada', '3106965621', '', '', 'Entrada Zapatosa', 9, 370, 'Monterralo', 14, 583, '1961-05-07', '2013-03-26 10:47:54'),
	('74750473', 1, 'Candido', 'Alberto', 'Garzón', 'Barreto', '3123979319', '', '', 'Tierra Nueva', 9, 370, 'Alto Lindo', 9, 370, '1962-03-03', '2013-03-28 15:56:08'),
	('74750562', 1, 'Victor', 'Rubiano', 'Vargas', '', '', '', '', 'Centro', 9, 370, 'Monterralo', 6, 267, '1962-04-22', '2013-03-26 10:48:43'),
	('74750676', 1, 'Libardo', '', 'Castro', 'Gomez', '', '', '', 'Entrada Zapatosa', 9, 370, 'Monterralo', 24, 867, '1962-04-25', '2013-03-26 10:50:07'),
	('74750839', 1, 'Ever', 'Nelson', 'Corredor', 'Ojeda', '3208528200', '', '', 'Centro', 9, 370, 'Monterralo', 9, 370, '1964-02-07', '2013-03-26 10:51:02'),
	('74750953', 1, 'Carlos', 'Abel', 'Rojas', 'Perez', '', '', '', 'Centro', 9, 370, 'Monterralo', 9, 370, '1963-04-03', '2013-03-26 10:51:52'),
	('74751046', 1, 'Jaime', 'Hernando', 'Martinez', '', '', '', '', '', 9, 370, 'San Miguel de Farallones', 1, 1, '0000-00-00', '2013-05-09 11:24:40'),
	('74751175', 1, 'Henry', '', 'Avella', 'Martinez', '3112751754', '', '', 'Alto Lindo', 9, 370, 'Alto Lindo', 9, 370, '1964-10-15', '2013-03-28 15:56:57'),
	('74751268', 1, 'Luis', 'Alberto', 'Suarez', 'Jimenez', '3125512953', '', '', 'Alto Lindo', 9, 370, 'Alto Lindo', 9, 371, '1963-04-25', '2013-03-28 16:04:12'),
	('74751269', 1, 'Jaime', '', 'Suarez', 'Jimenez', '3133836474', '', '', 'Alto Lindo', 9, 370, 'Alto Lindo', 9, 371, '1967-04-05', '2013-03-28 16:05:08'),
	('74751436', 1, 'Angel', 'Gabriel', 'Cardenas', 'Siachoque', '', '', '', 'Urbanización Monterralo', 9, 370, 'Monterralo', 9, 370, '1968-03-01', '2013-03-26 10:52:35'),
	('74751443', 1, 'Jose', 'Fabian', 'Garzón', '', '', '', '', '', 9, 370, 'San Miguel de Farallones', 1, 1, '0000-00-00', '2013-05-09 13:49:18'),
	('74751622', 1, 'Carlos', 'Julio', 'Caro', 'Palacios', '', '', '', 'Alto', 9, 370, 'Monterralo', 6, 208, '1969-04-18', '2013-03-26 10:53:24'),
	('74751672', 1, 'Leonidas', '', 'Montañez', 'Puentes', '', '', '', 'Centro', 9, 370, 'Monterralo', 6, 267, '1967-02-16', '2013-03-26 10:54:34'),
	('74751747', 1, 'Luis', 'Ivan', 'Roa', 'Castro', '3138490559', '', '', 'Centro', 9, 370, 'Yopal', 9, 380, '1970-05-13', '2013-03-26 10:55:43'),
	('74751801', 1, 'Ismael', 'Paez', 'Alarcon', '', '', '', '', 'Alto Monterralo', 9, 370, 'Monterralo', 9, 370, '1970-10-20', '2013-03-26 10:56:27'),
	('74751931', 1, 'Cesar', '', 'Manrique', 'Roa', '', '', '', 'Chichaca', 9, 370, 'Cupiagua', 9, 370, '1971-07-01', '2013-03-26 10:57:31'),
	('74751964', 1, 'Saul', '', 'Suarez', 'Jimenez', '3118058732', '', '', 'Alto Lindo', 9, 370, 'Alto Lindo', 9, 371, '1971-04-24', '2013-03-28 16:05:49'),
	('74752114', 1, 'Simon', '', 'Becerra', 'Gomez', '3132755313', '', '', 'Alto Lindo', 9, 370, 'Alto Lindo', 9, 370, '1971-10-28', '2013-03-28 16:06:38'),
	('74752211', 1, 'Wilson', '', 'Garzón', 'Amaya', '3107857635', '', '', 'Tierra Nueva', 9, 370, 'Alto Lindo', 9, 370, '1973-03-01', '2013-03-28 16:07:26'),
	('74752350', 1, 'Angel', 'Custodio', 'Martinez', '', '', '', '', '', 9, 370, 'San Miguel de Farallones', 1, 1, '0000-00-00', '2013-05-09 11:52:58'),
	('74752383', 1, 'Ismael', '', 'Perez', 'Lopez', '', '', '', 'Centro', 9, 370, 'Monterralo', 9, 370, '1973-01-10', '2013-03-26 10:58:18'),
	('74752459', 1, 'Carlos', 'Orlando', 'Santos', 'Parra', '', '', '', '', 9, 370, 'San Miguel de Farallones', 1, 1, '0000-00-00', '2013-05-09 11:34:19'),
	('74752638', 1, 'Ever', 'Hernan', 'Roa', 'Castro', '3143420892', '', 'ever.roa@hotmail.com', 'Los Mangos', 9, 370, 'Monterralo', 9, 380, '1974-10-11', '2013-03-26 10:59:33'),
	('74752664', 1, 'Faustino', '', 'Melo', 'Prieto', '', '', '', 'Monterralo', 9, 370, 'Monterralo', 9, 370, '1975-02-13', '2013-03-26 11:00:31'),
	('74752684', 1, 'Jairo', 'Enrique', 'Ayala', 'Niño', '', '', '', 'Urbanización Monterralo', 9, 370, 'Monterralo', 9, 370, '1965-10-12', '2013-03-26 11:01:16'),
	('74752775', 1, 'Juan', 'De Jesus', 'Rojas', 'Lopez', '', '', '', 'Centro', 9, 370, 'Monterralo', 9, 370, '1975-04-17', '2013-03-26 11:02:06'),
	('74752908', 1, 'Jose', 'Evaristo', 'Castro', 'Carvajal', '', '', '', 'Los Mangos', 9, 370, 'Monterralo', 9, 380, '1974-12-20', '2013-03-26 11:02:53'),
	('74752962', 1, 'Julio', '', 'Suarez', 'Jimenez', '3203675794', '', '', 'Alto Lindo', 9, 370, 'Alto Lindo', 9, 388, '1976-03-01', '2013-03-28 16:08:14'),
	('74753012', 1, 'Joselin', '', 'Cubides', 'Vaca', '', '', '', '', 9, 370, 'San Miguel de Farallones', 1, 1, '0000-00-00', '2013-04-15 17:33:34'),
	('74753078', 1, 'Marco', 'Antonio', 'Monroy', 'Ayala', '', '', '', 'Centro', 9, 370, 'Monterralo', 6, 267, '1976-12-12', '2013-03-26 11:04:02'),
	('74753080', 1, 'Rodrigo', '', 'Perez', 'Roa', '', '', '', 'Centro', 9, 370, 'Monterralo', 9, 370, '1976-06-12', '2013-03-26 11:04:43'),
	('74753159', 1, 'Indalesio', '', 'Martinez', 'Parra', '3123584121', '', '', 'Los Mangos', 9, 370, 'Monterralo', 9, 380, '1976-08-29', '2013-03-26 11:05:40'),
	('74753276', 1, 'Jose', 'Rodrigo', 'Guevara', 'Lancheros', '3112757062', '', '', 'Alto Lindo', 9, 370, 'Alto Lindo', 6, 255, '1977-07-26', '2013-03-28 16:09:01'),
	('74753427', 1, 'Edgar', '', 'Quesada', 'Torres', '', '', '', '', 9, 370, 'San Miguel de Farallones', 1, 1, '0000-00-00', '2013-05-09 12:21:28'),
	('74753484', 1, 'Carlos', 'Arturo', 'Morales', 'Ariza', '31446180362', '', '', 'Urbanización Mirador', 9, 370, 'Monterralo', 6, 267, '1978-06-23', '2013-03-26 11:06:51'),
	('74753607', 1, 'Yimi', 'Arnulfo', 'Cardenas', 'Patarroyo', '3204942676', '', '', 'Urbanización Monterralo', 9, 370, 'Monterralo', 9, 380, '1979-01-08', '2013-03-26 11:07:53'),
	('74753815', 1, 'Juan', 'Antonio', 'Palacios', '', '', '', '', 'Alto Monterralo', 9, 370, 'Monterralo', 9, 370, '1979-11-02', '2013-03-26 11:08:37'),
	('74753863', 1, 'Aliden', 'Yusemit', 'Roa', 'Castro', '', '', '', 'Los Mangos', 9, 370, 'Monterralo', 9, 370, '1980-01-05', '2013-03-26 11:10:13'),
	('74753868', 1, 'Segundo', 'Isidro', 'Castillo', 'Fonseca', '', '', '', 'Centro', 9, 370, 'Monterralo', 6, 267, '1979-06-25', '2013-03-26 11:11:09'),
	('74754070', 1, 'FRAILE', '', 'ROJAS', 'BOHORQUEZ', 'NT', '', '', 'CENTRO', 9, 370, 'Monterralo', 9, 370, '1980-05-29', '2013-03-20 00:00:00'),
	('74754125', 1, 'Eladio', '', 'Martinez', '', '', '', '', '', 9, 370, 'San Miguel de Farallones', 1, 1, '0000-00-00', '2013-05-09 11:28:27'),
	('74754240', 1, 'Oscar', 'Mauricio', 'Lopez', 'Martinez', '3112570976', '', '', 'Los Mangos', 9, 370, 'Monterralo', 9, 380, '1981-04-06', '2013-03-26 11:13:09'),
	('74754410', 1, 'Duarte', '', 'Lopez', 'Vega', '3112134572', '', '', 'Cr 14 No 8 20', 9, 370, 'San Agustin', 9, 380, '1981-12-03', '2013-03-26 11:14:42'),
	('74754448', 1, 'Juan', 'De Jesus', 'Lopez', 'Mayorga', '3118234587', '', '', 'Alto Lindo', 9, 370, 'Alto Lindo', 9, 370, '1982-02-05', '2013-03-28 16:10:04'),
	('74754473', 1, 'Sergio', 'Andres', 'Angel', 'Rojas', '', '', '', 'Centro', 9, 370, 'Monterralo', 14, 582, '1982-03-24', '2013-03-26 11:16:11'),
	('74754560', 1, 'Eliecer', '', 'Castro', 'Carvajal', '', '', '', 'Los Mangos', 9, 370, 'Monterralo', 9, 380, '1982-06-10', '2013-03-26 11:16:56'),
	('74754584', 1, 'Jose', 'Yobani', 'Rubiano', 'Cabrera', '', '', '', 'Centro', 9, 370, 'Monterralo', 9, 370, '1982-06-22', '2013-03-26 11:17:50'),
	('74754845', 1, 'Angel', 'Evaristo', 'Chaparro', 'Mesa', '', '', '', 'Centro', 9, 370, 'Monterralo', 9, 370, '1983-07-14', '2013-03-26 11:18:41'),
	('74754856', 1, 'Rigoberto', 'Martinez', 'Parra', '', '', '', '', 'Los Mangos', 9, 370, 'Monterralo', 9, 380, '1983-07-31', '2013-03-26 11:19:28'),
	('74754968', 1, 'Orlando', '', 'Ramirez', 'Castañeda', '3112953622', '', '', 'Alto Monterralo', 9, 370, 'Monterralo', 9, 370, '1983-11-20', '2013-03-26 11:20:17'),
	('74755026', 1, 'Rigoberto', '', 'Porres', 'Rodriguez', '', '', '', '', 9, 370, 'San Miguel de Farallones', 1, 1, '0000-00-00', '2013-05-09 12:20:04'),
	('74755359', 1, 'Aldemar', '', 'Lopez', 'Martinez', '3118797097', '', '', 'Los Mangos', 9, 370, 'Monterralo', 9, 380, '1985-04-30', '2013-03-26 11:21:13'),
	('74756429', 1, 'Oscar', '', 'Quesada', 'Torres', '', '', '', '', 9, 370, 'San Miguel de Farallones', 1, 1, '0000-00-00', '2013-05-09 12:39:16'),
	('74770939', 1, 'Aldemar', '', 'Rojas', 'Mendieta', '', '', '', 'Centro', 9, 370, 'Monterralo', 9, 370, '1981-11-23', '2013-03-26 11:24:37'),
	('748455133', 1, 'Angel', 'Berto', 'Avila', 'Lopez', '3132007294', '', '', '', 9, 384, 'Aguablanca', 9, 384, '1962-11-29', '2013-04-23 15:41:42'),
	('74845728', 1, 'Olmedo', '', 'Parra', 'Roa', '', '', '', '', 9, 384, 'Aguablanca', 9, 384, '1971-09-18', '2013-04-23 15:13:31'),
	('74848783', 1, 'Alberto', '', 'Abril', 'Mendivelso', '3142179091', '', '', 'Alto Monterralo', 9, 370, 'Monterralo', 9, 382, '1967-05-07', '2013-03-26 11:25:37'),
	('74856228', 1, 'Eduardo', '', 'Ramirez', '', '', '', '', 'Centro', 9, 370, 'Monterralo', 9, 384, '1975-10-13', '2013-03-26 11:26:21'),
	('74856491', 1, 'Luis', '', 'Molina', '', '', '', '', '', 9, 370, 'San Miguel de Farallones', 1, 1, '0000-00-00', '2013-05-09 12:43:39'),
	('74856728', 1, 'Carlos', 'Alberto', 'Parra', 'Roa', '', '', '', '', 9, 384, 'Aguablanca', 9, 384, '1980-03-11', '2013-04-23 15:08:13'),
	('74859926', 1, 'Raul', 'Eliecer', 'Lancheros', '', '', '', '', '', 9, 370, 'San Miguel de Farallones', 1, 1, '0000-00-00', '2013-05-09 11:42:31'),
	('74860795', 1, 'DUMAR', '', 'FIGUEREDO', 'PUERTO', '3132321277', '', '', 'Finca Buenos Aires', 9, 388, 'El Bajo', 9, 388, '1979-01-14', '2013-08-25 10:54:06'),
	('74860845', 1, 'Jose', 'Faustino', 'Figueredo', 'Puerto', '3144800665', '', '', 'Vereda el Bajo', 9, 370, 'El Bajo', 9, 370, '1976-12-28', '2013-08-25 11:35:11'),
	('74866225', 1, 'Fredy', 'Gustavo', 'Pinto', '', '3112647846', '', '', 'Alto Lindo', 9, 370, 'Alto Lindo', 9, 385, '1983-05-21', '2013-03-28 16:11:00'),
	('76304073', 1, 'Diego', 'Fabian', 'Valencia', 'Fernandez', '3202354623', '', '', 'Centro', 9, 370, 'Monterralo', 10, 414, '1966-10-23', '2013-03-26 11:27:58'),
	('78292454', 1, 'Rosa', 'Aurelia', 'Sanchez', 'Balbuena', '', '', '', '', 9, 370, 'San Miguel de Farallones', 1, 1, '0000-00-00', '2013-05-09 11:56:40'),
	('79488053', 1, 'Filemon', '', 'Alarcon', 'Ladino', '3125388063', '', '', 'Cabaña Primaveral', 9, 370, 'Alto Lindo', 6, 257, '1968-01-25', '2013-03-28 16:11:56'),
	('79781357', 1, 'Daniel', '', 'Moreno', 'Torres', '3143287890', '', '', 'Alto Monterralo', 9, 370, 'Monterralo', 9, 370, '1975-03-17', '2013-03-26 11:28:55'),
	('79893943', 1, 'Leonardo', '', 'Gonzalez', 'Vargas', '', '', '', 'Centro', 9, 370, 'Monterralo', 6, 298, '1977-10-25', '2013-03-26 11:29:39'),
	('800', 2, 'JAC', '', 'Monterralo', '', '', '', '', 'Centro', 9, 370, 'Monterralo', 9, 370, '1965-08-23', '2013-03-26 11:39:51'),
	('86015003', 1, 'Henry', 'Nel', 'Guevara', 'Lancheros', '3143354232', '', '', 'Alto Lindo', 9, 370, 'Alto Lindo', 6, 255, '1985-10-01', '2013-03-28 16:13:01'),
	('86049276', 1, 'Jhon', 'Fredy', 'Roa', 'Martinez', '', '', '', '', 9, 370, 'San Miguel de Farallones', 1, 1, '0000-00-00', '2013-04-15 16:39:15'),
	('86057876', 1, 'Jose', 'Ernesto', 'Guevara', 'Lancheros', '3133720581', '', '', 'Alto Lindo', 9, 370, 'Alto Lindo', 9, 381, '1978-08-09', '2013-03-28 19:13:58'),
	('91014033', 1, 'Eleazar', 'Manuel', 'Escobar', 'Velandia', '', '', '', 'Centro', 9, 370, 'Monterralo', 27, 897, '1970-09-15', '2013-03-26 11:44:06'),
	('91454563', 1, 'Gustavo', '', 'Colmenares', 'Suarez', '', '', '', '', 9, 370, 'San Miguel de Farallones', 1, 1, '0000-00-00', '2013-05-08 20:21:55'),
	('91486930', 1, 'Jhon', 'Leonardo', 'Caceres', 'Sierra', '', '', '', 'Finca Bellavista', 9, 370, 'Monterralo', 6, 267, '1975-09-28', '2013-03-26 11:44:59'),
	('9395233', 1, 'Uriel', 'Alfonso', 'Vasques', 'Toca', '3134279937', '', '', 'Urbanización Monterralo', 9, 370, 'Monterralo', 6, 298, '1970-12-01', '2013-03-26 11:45:57'),
	('9395722', 1, 'Rafael', '', 'Caceres', 'Fonseca', '', '', '', 'Alto Monterralo', 9, 370, 'Monterralo', 6, 205, '1965-05-22', '2013-03-26 11:48:50'),
	('9396804', 1, 'Jose', 'Leonardo', 'Rodriguez', 'Fiegueredo', '3134471373', '', '', '', 9, 370, 'Aguablanca', 9, 370, '1972-08-06', '2013-04-23 14:47:00'),
	('9397118', 1, 'Oviedo', '', 'Rojas', 'Rojas', '3132682159', '', '', 'Los Lirios', 9, 370, 'Monterralo', 6, 298, '1971-10-12', '2013-03-26 11:49:41'),
	('94101311460', 1, 'Yadir', 'Fernando', 'Medina', 'Rincon', '3114578569', '', '', 'Centro', 9, 370, 'Monterralo', 9, 370, '1994-10-13', '2013-03-26 12:41:24'),
	('94110216895', 1, 'Yuri', 'Marcela', 'Bernal', 'Sanchez', '', '', '', 'Centro', 9, 370, 'Monterralo', 9, 388, '1994-11-02', '2013-03-26 12:45:31'),
	('9430', 1, 'Wilfredo', '', 'Torres', '', '', '', 'wtorresariza@gmail.com', 'Calle 22a No 23 18', 1, 1, 'Yopal', 9, 370, '1982-02-05', '2013-09-04 11:57:09'),
	('9430365', 1, 'Andrea', 'Torres', 'Alarcon', 'Otro', '34345345', '35345435', 'wtorresariza@gmail.com', 'Calle 24a 7a 35', 9, 370, 'Yopal', 9, 370, '1980-01-29', '2012-10-10 00:00:00'),
	('9430366', 1, 'Wilfredo', '', 'Torres', '', '3144880007', '', 'wtorresariza@gmail.com', 'Calle 22a No 23 18', 9, 370, 'Yopal', 9, 370, '1982-02-05', '2009-01-01 00:00:00'),
	('9430367', 1, 'Andre', '', 'Orozco', '', '223442334', '', '', 'Calle 30 30 30', 9, 370, 'Yopal', 9, 370, '1991-10-01', '2009-01-01 00:00:00'),
	('9430368', 1, 'Mauricio', '', 'Vega', '', '3144880008', '', '', 'Carrera 18 19', 9, 370, 'El charte', 9, 370, '1981-03-04', '2012-10-10 00:00:00'),
	('9430369', 1, 'Wilfredo', '', 'Torres', '', '3144880007', '63523299', 'wtorresariza@gmail.com', 'Calle 22a No 23 18', 9, 388, 'Yopal', 9, 388, '1982-02-05', '2012-03-06 00:00:00'),
	('9432663', 1, '9432663', 'Leandro', 'Antonio', 'Reyes', '', '', '', 'Centro', 9, 370, 'Monterralo', 9, 388, '1984-04-06', '2013-03-26 12:46:53'),
	('9434417', 1, 'Ilbar', 'Alexis', 'Rojas', 'Palacios', '3144729400', '', '', 'Centro', 9, 370, 'Monterralo', 9, 370, '1985-09-22', '2013-03-26 12:48:20'),
	('9511304', 1, 'Pablo', 'Enrique', 'Garzón', 'Gamez', '', '', '', '', 9, 370, 'San Miguel de Farallones', 1, 1, '0000-00-00', '2013-05-09 11:44:18'),
	('9511503', 1, 'Adriano', '', 'Lopez', 'Vargas', '', '', '', '', 9, 384, 'Aguablanca', 9, 370, '1944-01-27', '2013-04-23 14:53:55'),
	('9515574', 1, 'Joselin', '', 'Cubides', '', '', '', '', '', 9, 370, 'San Miguel de Farallones', 1, 1, '0000-00-00', '2013-04-15 17:11:17'),
	('9526370', 1, 'Jaime', 'Arturo', 'Gutierrez', 'Patiño', '3138951749', '', '', 'Alto Monterralo', 9, 370, 'Monterralo', 6, 298, '1963-04-08', '2013-03-26 12:49:15'),
	('9531928', 1, 'alirio', 'jacobo', 'montaña', '', '3123771579', '', '', 'yopal', 9, 370, 'la esperanza 1248', 1, 1, '0000-00-00', '2013-05-22 12:00:52'),
	('96005743', 1, 'Luis', 'Felipe', 'Castro', '', '', '', '', '', 9, 370, 'San Miguel de Farallones', 1, 1, '0000-00-00', '2013-05-09 13:58:57'),
	('96192614', 1, 'Armando', '', 'Criollo', 'Gutierrez', '', '', '', 'El Charte', 9, 388, 'El Charte', 3, 134, '1978-01-25', '2013-05-30 20:38:07'),
	('9630081', 1, 'Benjamin', '', 'Lancheros', 'Nuñez', '3144086590', '', '', 'Aguablanca', 9, 370, 'Tauramena', 6, 275, '1985-01-08', '2013-04-23 14:36:55'),
	('9650582', 1, 'Pedro', 'Arturo', 'Romero', 'Alfonso', '', '', '', 'Centro', 9, 370, 'Monterralo', 9, 384, '1949-10-16', '2013-03-26 12:50:06'),
	('9650882', 1, 'David', 'Hernan', 'Barrera', 'Vargas', '3112085848', '', '', 'Sector Boqueron', 9, 370, 'Monterralo', 6, 267, '1950-11-15', '2013-03-26 12:51:24'),
	('9652040', 1, 'Simon', '', 'Prieto', 'Perez', '', '', '', 'Alto Monterralo', 9, 370, 'Monterralo', 1, 1, '1953-04-28', '2013-03-26 12:52:30'),
	('96537096', 1, 'Luis', 'Alfredo', 'Pelaez', 'Losano', '', '', '', 'Alto Monterralo', 9, 370, 'Monterralo', 19, 716, '1962-01-03', '2013-03-26 12:53:42'),
	('9658630', 1, 'Omar', '', 'Mora', '', '', '', '', '', 9, 370, 'San Miguel de Farallones', 1, 1, '0000-00-00', '2013-05-09 12:22:59'),
	('Inventada', 1, 'Josefina', '', 'Abril', '', '', '', '', '', 9, 388, 'La Reserva', 1, 1, '0000-00-00', '2013-05-14 14:55:48');
/*!40000 ALTER TABLE `personas` ENABLE KEYS */;


-- Volcando estructura para tabla bancos.roles
DROP TABLE IF EXISTS `roles`;
CREATE TABLE IF NOT EXISTS `roles` (
  `id` int(11) NOT NULL AUTO_INCREMENT,
  `nombre_rol` varchar(30) NOT NULL,
  PRIMARY KEY (`id`)
) ENGINE=InnoDB DEFAULT CHARSET=utf8;

-- Volcando datos para la tabla bancos.roles: ~0 rows (aproximadamente)
DELETE FROM `roles`;
/*!40000 ALTER TABLE `roles` DISABLE KEYS */;
/*!40000 ALTER TABLE `roles` ENABLE KEYS */;


-- Volcando estructura para tabla bancos.tipos_id
DROP TABLE IF EXISTS `tipos_id`;
CREATE TABLE IF NOT EXISTS `tipos_id` (
  `id` int(11) NOT NULL AUTO_INCREMENT,
  `tipo` varchar(50) NOT NULL,
  PRIMARY KEY (`id`)
) ENGINE=InnoDB AUTO_INCREMENT=3 DEFAULT CHARSET=utf8;

-- Volcando datos para la tabla bancos.tipos_id: ~2 rows (aproximadamente)
DELETE FROM `tipos_id`;
/*!40000 ALTER TABLE `tipos_id` DISABLE KEYS */;
INSERT INTO `tipos_id` (`id`, `tipo`) VALUES
	(1, 'cedula'),
	(2, 'Extranjeria');
/*!40000 ALTER TABLE `tipos_id` ENABLE KEYS */;


-- Volcando estructura para tabla bancos.tipos_ingreso
DROP TABLE IF EXISTS `tipos_ingreso`;
CREATE TABLE IF NOT EXISTS `tipos_ingreso` (
  `id` int(11) NOT NULL AUTO_INCREMENT,
  `tipo` int(11) DEFAULT NULL,
  PRIMARY KEY (`id`)
) ENGINE=InnoDB DEFAULT CHARSET=utf8;

-- Volcando datos para la tabla bancos.tipos_ingreso: ~0 rows (aproximadamente)
DELETE FROM `tipos_ingreso`;
/*!40000 ALTER TABLE `tipos_ingreso` DISABLE KEYS */;
/*!40000 ALTER TABLE `tipos_ingreso` ENABLE KEYS */;


-- Volcando estructura para tabla bancos.tipos_transaccion
DROP TABLE IF EXISTS `tipos_transaccion`;
CREATE TABLE IF NOT EXISTS `tipos_transaccion` (
  `id` int(11) NOT NULL AUTO_INCREMENT,
  `tipo` varchar(50) NOT NULL,
  PRIMARY KEY (`id`)
) ENGINE=InnoDB AUTO_INCREMENT=3 DEFAULT CHARSET=utf8;

-- Volcando datos para la tabla bancos.tipos_transaccion: ~2 rows (aproximadamente)
DELETE FROM `tipos_transaccion`;
/*!40000 ALTER TABLE `tipos_transaccion` DISABLE KEYS */;
INSERT INTO `tipos_transaccion` (`id`, `tipo`) VALUES
	(1, 'desembolso de credito'),
	(2, 'Abono a credito');
/*!40000 ALTER TABLE `tipos_transaccion` ENABLE KEYS */;


-- Volcando estructura para tabla bancos.transacciones
DROP TABLE IF EXISTS `transacciones`;
CREATE TABLE IF NOT EXISTS `transacciones` (
  `id` int(30) NOT NULL AUTO_INCREMENT,
  `banco` varchar(10) NOT NULL,
  `tipo_transac` int(11) NOT NULL,
  `valor` float NOT NULL,
  `fecha` date NOT NULL,
  PRIMARY KEY (`id`,`banco`),
  KEY `transacciones_ibfk_2` (`tipo_transac`),
  KEY `FK_transacciones_banco` (`banco`),
  CONSTRAINT `FK_transacciones_banco` FOREIGN KEY (`banco`) REFERENCES `banco` (`id`) ON DELETE NO ACTION ON UPDATE NO ACTION,
  CONSTRAINT `transacciones_ibfk_2` FOREIGN KEY (`tipo_transac`) REFERENCES `tipos_transaccion` (`id`) ON DELETE NO ACTION ON UPDATE NO ACTION
) ENGINE=InnoDB AUTO_INCREMENT=960 DEFAULT CHARSET=utf8;

-- Volcando datos para la tabla bancos.transacciones: ~855 rows (aproximadamente)
DELETE FROM `transacciones`;
/*!40000 ALTER TABLE `transacciones` DISABLE KEYS */;
INSERT INTO `transacciones` (`id`, `banco`, `tipo_transac`, `valor`, `fecha`) VALUES
	(58, '123', 1, 1000000, '2013-03-18'),
	(67, '201', 1, 3000000, '2011-02-20'),
	(68, '201', 2, 166700, '2011-05-23'),
	(69, '201', 2, 166750, '2011-10-04'),
	(70, '201', 2, 233450, '2011-11-04'),
	(71, '201', 1, 1500000, '2010-07-13'),
	(72, '201', 2, 34100, '2010-10-01'),
	(73, '201', 2, 60000, '2010-12-21'),
	(74, '201', 2, 1610000, '2011-08-26'),
	(75, '201', 2, 58974, '2012-04-20'),
	(76, '201', 1, 3000000, '2011-05-01'),
	(77, '201', 2, 66700, '2011-06-28'),
	(78, '201', 2, 33000, '2011-08-02'),
	(79, '201', 2, 33000, '2011-09-05'),
	(80, '201', 2, 1066000, '2011-11-08'),
	(81, '201', 2, 1070000, '2012-02-02'),
	(82, '201', 1, 3000000, '2011-12-10'),
	(83, '201', 2, 200000, '2011-12-20'),
	(84, '201', 1, 1500000, '2011-04-24'),
	(85, '201', 1, 1000000, '2011-11-26'),
	(86, '201', 2, 140000, '2011-11-29'),
	(87, '201', 1, 3000000, '2010-11-22'),
	(88, '201', 2, 600000, '2012-03-09'),
	(89, '201', 1, 3000000, '2011-04-24'),
	(90, '201', 2, 300000, '2011-10-26'),
	(91, '201', 2, 100000, '2012-01-10'),
	(92, '201', 1, 1500000, '2011-09-18'),
	(93, '201', 1, 3000000, '2012-04-01'),
	(94, '201', 1, 3000000, '2010-07-13'),
	(95, '201', 2, 98400, '2010-10-14'),
	(96, '201', 2, 64800, '2010-12-28'),
	(97, '201', 2, 64800, '2011-03-11'),
	(98, '201', 2, 162000, '2011-07-28'),
	(99, '201', 2, 3000000, '2012-02-17'),
	(100, '201', 2, 290453, '2012-03-09'),
	(101, '201', 1, 3000000, '2011-06-27'),
	(102, '201', 2, 185000, '2011-08-10'),
	(103, '201', 2, 370000, '2011-09-30'),
	(104, '201', 2, 400000, '2011-11-25'),
	(105, '201', 2, 380000, '2012-01-25'),
	(106, '201', 2, 200000, '2012-02-22'),
	(107, '201', 2, 300000, '2012-03-30'),
	(108, '125', 1, 1000000, '2011-09-16'),
	(110, '125', 2, 20000, '2011-11-17'),
	(111, '125', 2, 40000, '2012-04-23'),
	(112, '125', 1, 2000000, '2011-07-28'),
	(113, '125', 2, 40000, '2011-10-20'),
	(114, '125', 2, 80000, '2012-04-03'),
	(115, '125', 2, 120000, '2012-06-25'),
	(116, '125', 1, 1500000, '2011-06-28'),
	(117, '125', 1, 2000000, '2010-03-05'),
	(118, '125', 2, 40800, '2010-09-28'),
	(119, '125', 2, 40000, '2010-05-02'),
	(120, '125', 2, 40000, '2010-07-12'),
	(121, '125', 2, 40000, '2011-01-23'),
	(122, '125', 2, 1040000, '2011-03-12'),
	(123, '125', 2, 40000, '2011-06-26'),
	(124, '125', 2, 40000, '2011-10-25'),
	(125, '125', 2, 40000, '2011-10-25'),
	(126, '125', 2, 20000, '2012-01-05'),
	(127, '125', 2, 1020000, '2012-01-24'),
	(128, '125', 2, 18878, '2012-01-24'),
	(129, '125', 1, 1500000, '2012-01-30'),
	(130, '125', 2, 30000, '2012-04-19'),
	(131, '125', 2, 30000, '2012-06-19'),
	(132, '125', 2, 30000, '2012-08-21'),
	(133, '125', 1, 2000000, '2011-06-28'),
	(134, '125', 2, 40000, '2011-08-31'),
	(135, '125', 2, 40000, '2011-11-17'),
	(136, '125', 2, 120000, '2012-05-07'),
	(137, '125', 1, 2000000, '2010-05-24'),
	(138, '125', 2, 40000, '2010-07-29'),
	(139, '125', 2, 80000, '2011-06-02'),
	(140, '125', 2, 180000, '2011-07-26'),
	(141, '125', 1, 1500000, '2011-12-09'),
	(142, '125', 2, 50000, '2012-07-23'),
	(143, '125', 1, 1500000, '2009-12-28'),
	(144, '125', 2, 30000, '2010-02-28'),
	(145, '125', 2, 31200, '2010-05-22'),
	(146, '125', 2, 30000, '2010-07-20'),
	(147, '125', 2, 60000, '2010-11-30'),
	(148, '125', 2, 780000, '2011-01-17'),
	(149, '125', 2, 90000, '2011-11-20'),
	(150, '125', 2, 748244, '2012-02-14'),
	(151, '125', 1, 2000000, '2011-12-19'),
	(152, '125', 2, 40000, '2012-03-07'),
	(153, '125', 2, 40000, '2012-04-11'),
	(154, '125', 1, 1500000, '2011-12-19'),
	(155, '125', 2, 30000, '2012-03-07'),
	(156, '125', 2, 30000, '2012-04-11'),
	(157, '125', 1, 2000000, '2010-03-05'),
	(158, '125', 2, 40000, '2010-05-02'),
	(159, '125', 2, 40000, '2010-07-08'),
	(160, '125', 2, 1000000, '2010-11-13'),
	(161, '125', 2, 1198880, '2012-05-08'),
	(162, '125', 2, 80000, '2010-11-13'),
	(163, '125', 1, 1500000, '2010-11-30'),
	(164, '125', 2, 30000, '2011-01-23'),
	(165, '125', 2, 30000, '2011-09-06'),
	(166, '125', 2, 30000, '2011-10-04'),
	(167, '125', 2, 750000, '2011-10-27'),
	(168, '125', 2, 15000, '2011-12-05'),
	(169, '125', 2, 30000, '2012-02-21'),
	(170, '125', 1, 2000000, '2011-12-19'),
	(171, '125', 2, 30000, '2012-01-18'),
	(172, '125', 2, 40000, '2012-04-19'),
	(173, '125', 1, 2000000, '2010-11-22'),
	(174, '125', 2, 40000, '2011-01-23'),
	(175, '125', 2, 40000, '2011-04-20'),
	(176, '125', 2, 300000, '2011-06-02'),
	(177, '125', 2, 64000, '2011-07-27'),
	(178, '125', 2, 200000, '2011-10-10'),
	(179, '125', 2, 34000, '2011-12-19'),
	(180, '125', 2, 30000, '2012-05-07'),
	(181, '125', 2, 500000, '2012-05-11'),
	(182, '125', 1, 2000000, '2011-12-19'),
	(183, '125', 2, 40000, '2012-03-07'),
	(184, '125', 2, 40000, '2012-04-11'),
	(185, '125', 1, 2000000, '2011-07-21'),
	(186, '125', 1, 2000000, '2011-07-21'),
	(188, '125', 2, 40000, '2011-12-19'),
	(189, '125', 2, 40000, '2012-03-09'),
	(190, '125', 2, 40000, '2012-05-08'),
	(191, '125', 2, 40000, '2011-09-27'),
	(192, '125', 1, 2000000, '2010-11-22'),
	(193, '125', 2, 40000, '2011-01-14'),
	(194, '125', 2, 40000, '2011-04-06'),
	(195, '125', 2, 40000, '2011-07-09'),
	(196, '125', 2, 40000, '2011-08-06'),
	(197, '125', 2, 40000, '2011-09-15'),
	(198, '125', 2, 40000, '2011-12-12'),
	(199, '125', 2, 500000, '2011-12-12'),
	(200, '125', 2, 500000, '2012-08-02'),
	(201, '125', 2, 500000, '2012-09-14'),
	(202, '125', 1, 1500000, '2011-09-16'),
	(203, '125', 2, 30000, '2011-11-11'),
	(204, '125', 2, 30000, '2012-01-11'),
	(205, '125', 2, 30000, '2012-03-14'),
	(206, '125', 2, 30000, '2012-05-12'),
	(207, '125', 2, 30000, '2012-07-14'),
	(208, '125', 1, 2000000, '2011-02-17'),
	(209, '125', 2, 80000, '2011-07-25'),
	(210, '125', 2, 40000, '2011-10-17'),
	(211, '125', 2, 1000000, '2012-05-17'),
	(212, '125', 1, 1500000, '2011-06-28'),
	(213, '125', 2, 30000, '2011-09-02'),
	(214, '125', 2, 30000, '2011-11-16'),
	(215, '125', 2, 30000, '2012-01-13'),
	(216, '125', 2, 30000, '2012-03-19'),
	(217, '125', 2, 230000, '2012-04-27'),
	(218, '125', 2, 576000, '2012-07-07'),
	(219, '125', 1, 1000000, '2011-06-28'),
	(220, '125', 2, 20000, '2011-09-03'),
	(221, '125', 2, 20000, '2011-11-17'),
	(222, '125', 2, 40000, '2012-03-20'),
	(223, '125', 1, 2000000, '2010-05-24'),
	(224, '125', 2, 40000, '2010-07-20'),
	(225, '125', 2, 40000, '2010-11-09'),
	(226, '125', 2, 40000, '2011-01-23'),
	(227, '125', 2, 40000, '2011-04-04'),
	(228, '125', 2, 1040000, '2011-06-02'),
	(229, '125', 2, 20000, '2011-08-26'),
	(230, '125', 2, 40000, '2011-10-22'),
	(231, '125', 2, 20000, '2011-11-20'),
	(232, '125', 2, 40000, '2011-01-17'),
	(233, '125', 2, 40000, '2012-03-09'),
	(234, '125', 2, 986560, '2012-05-07'),
	(235, '125', 1, 2000000, '2012-04-20'),
	(236, '125', 2, 40000, '2012-04-26'),
	(237, '125', 1, 2000000, '2010-11-22'),
	(238, '125', 2, 40000, '2011-01-25'),
	(239, '125', 2, 40000, '2011-04-11'),
	(240, '125', 2, 40000, '2011-06-13'),
	(241, '125', 2, 40000, '2011-09-05'),
	(242, '125', 2, 1080000, '2011-11-21'),
	(243, '125', 2, 40000, '2012-02-24'),
	(244, '125', 1, 1500000, '2011-12-09'),
	(245, '125', 2, 60000, '2012-02-16'),
	(246, '125', 2, 90000, '2012-06-13'),
	(247, '125', 1, 1000000, '2010-05-24'),
	(248, '125', 2, 20000, '2010-08-10'),
	(249, '125', 2, 40000, '2011-01-17'),
	(250, '125', 2, 500000, '2011-09-13'),
	(251, '125', 1, 2000000, '2010-11-30'),
	(252, '125', 2, 160000, '2011-09-24'),
	(253, '125', 2, 700000, '2012-04-30'),
	(254, '125', 1, 1500000, '2011-12-19'),
	(255, '125', 2, 60000, '2012-05-07'),
	(256, '125', 1, 2000000, '2010-04-20'),
	(257, '125', 2, 40000, '2010-07-07'),
	(258, '125', 2, 40000, '2010-09-14'),
	(259, '125', 2, 80000, '2010-11-30'),
	(260, '125', 2, 1000000, '2011-12-21'),
	(261, '125', 2, 220000, '2012-05-07'),
	(262, '125', 1, 2000000, '2011-02-17'),
	(263, '125', 2, 40000, '2011-04-15'),
	(264, '125', 2, 40000, '2011-06-17'),
	(265, '125', 2, 40000, '2011-08-17'),
	(266, '125', 2, 40000, '2011-10-18'),
	(267, '125', 2, 40000, '2011-12-16'),
	(268, '125', 2, 1070000, '2012-02-20'),
	(269, '125', 2, 989074, '2012-04-19'),
	(270, '125', 1, 1500000, '2011-12-19'),
	(271, '125', 2, 30000, '2012-04-17'),
	(272, '125', 2, 30000, '2012-04-17'),
	(273, '125', 2, 10000, '2012-04-19'),
	(274, '125', 1, 1500000, '2010-11-22'),
	(275, '125', 2, 500000, '2012-03-09'),
	(276, '125', 2, 530000, '2012-05-04'),
	(277, '125', 2, 30000, '2012-06-26'),
	(278, '125', 2, 677041, '2012-07-22'),
	(279, '125', 1, 2000000, '2010-11-22'),
	(280, '125', 2, 40000, '2010-11-28'),
	(281, '125', 2, 40000, '2011-03-22'),
	(282, '125', 2, 40000, '2011-06-26'),
	(283, '125', 2, 40000, '2011-08-11'),
	(284, '125', 2, 40000, '2011-09-28'),
	(285, '125', 2, 1040000, '2011-11-23'),
	(286, '125', 2, 20000, '2012-02-02'),
	(287, '125', 2, 20000, '2012-04-17'),
	(288, '125', 1, 2000000, '2010-04-20'),
	(290, '125', 2, 204000, '2011-08-10'),
	(291, '125', 1, 2000000, '2010-11-22'),
	(292, '125', 2, 40000, '2011-01-23'),
	(293, '125', 2, 40000, '2011-04-12'),
	(294, '125', 2, 40000, '2011-06-26'),
	(295, '125', 2, 80000, '2011-10-25'),
	(296, '125', 2, 1100000, '2012-01-05'),
	(297, '125', 2, 949333, '2012-01-05'),
	(298, '125', 1, 1500000, '2011-12-19'),
	(299, '125', 2, 30000, '2012-03-09'),
	(300, '125', 2, 30000, '2012-05-08'),
	(301, '125', 1, 2000000, '2010-05-24'),
	(302, '125', 2, 40000, '2010-07-27'),
	(303, '125', 2, 40000, '2010-09-23'),
	(304, '125', 2, 40000, '2010-11-24'),
	(305, '125', 2, 40000, '2011-01-26'),
	(306, '125', 2, 40000, '2011-04-01'),
	(307, '125', 2, 1000000, '2011-06-04'),
	(308, '125', 2, 40000, '2011-06-08'),
	(309, '125', 2, 20000, '2011-07-28'),
	(310, '125', 2, 20000, '2011-09-20'),
	(312, '125', 2, 20000, '2011-12-19'),
	(313, '125', 2, 20000, '2012-03-09'),
	(314, '125', 2, 1020000, '2012-05-29'),
	(315, '125', 1, 2000000, '2011-07-21'),
	(316, '125', 2, 200000, '2012-05-11'),
	(317, '125', 1, 2000000, '2011-02-17'),
	(318, '125', 2, 40000, '2011-04-26'),
	(319, '125', 2, 40000, '2011-07-03'),
	(320, '125', 2, 40000, '2011-09-03'),
	(321, '125', 2, 40000, '2011-10-23'),
	(322, '125', 2, 1097000, '2012-03-20'),
	(323, '125', 2, 40000, '2012-06-26'),
	(324, '125', 1, 1500000, '2010-11-30'),
	(325, '125', 2, 30000, '2011-01-23'),
	(326, '125', 2, 30000, '2011-04-04'),
	(327, '125', 2, 30000, '2011-06-28'),
	(328, '125', 2, 60000, '2011-10-01'),
	(329, '125', 2, 750000, '2011-10-27'),
	(330, '125', 2, 30000, '2011-11-20'),
	(331, '125', 2, 15000, '2012-02-29'),
	(334, '125', 2, 750000, '2012-06-01'),
	(335, '125', 2, 12751, '2012-05-22'),
	(336, '125', 1, 1500000, '2011-12-19'),
	(337, '125', 2, 30000, '2012-02-29'),
	(338, '125', 1, 2000000, '2011-06-28'),
	(339, '125', 2, 40000, '2011-08-26'),
	(340, '125', 2, 40000, '2011-11-20'),
	(341, '125', 2, 80000, '2012-03-09'),
	(342, '125', 2, 40000, '2012-05-07'),
	(343, '125', 1, 1500000, '2011-12-19'),
	(344, '125', 2, 30000, '2012-03-07'),
	(345, '125', 2, 30000, '2012-04-11'),
	(346, '125', 1, 1500000, '2011-06-28'),
	(347, '125', 2, 30000, '2011-08-31'),
	(348, '125', 2, 30000, '2011-11-01'),
	(349, '125', 2, 60000, '2012-04-23'),
	(350, '125', 1, 2000000, '2010-03-05'),
	(351, '125', 2, 40000, '2010-05-06'),
	(352, '125', 2, 40000, '2010-07-05'),
	(353, '125', 2, 40000, '2010-09-06'),
	(354, '125', 2, 40000, '2010-12-13'),
	(355, '125', 2, 40000, '2011-01-24'),
	(356, '125', 2, 1050000, '2011-03-24'),
	(357, '125', 2, 20000, '2011-06-13'),
	(358, '125', 2, 20000, '2011-07-16'),
	(359, '125', 2, 40000, '2011-11-17'),
	(360, '125', 2, 1028750, '2012-03-09'),
	(361, '126', 1, 500000, '2008-06-09'),
	(362, '126', 2, 5000, '2008-07-13'),
	(363, '126', 2, 15000, '2008-08-24'),
	(364, '126', 2, 500000, '2009-02-09'),
	(365, '126', 2, 20000, '2009-02-14'),
	(368, '126', 1, 2000000, '2009-02-14'),
	(369, '126', 2, 60000, '2009-05-05'),
	(370, '126', 2, 120000, '2009-11-23'),
	(371, '126', 2, 1060000, '2010-03-08'),
	(372, '126', 2, 100000, '2011-04-12'),
	(373, '126', 2, 1110000, '2011-12-16'),
	(374, '126', 2, 100000, '2012-06-13'),
	(375, '126', 1, 1500000, '2012-01-22'),
	(376, '126', 2, 1000000, '2013-01-25'),
	(379, '126', 2, 170000, '2013-03-26'),
	(380, '126', 1, 800000, '2008-06-09'),
	(381, '126', 2, 24000, '2008-10-05'),
	(382, '126', 2, 8000, '2008-07-13'),
	(383, '126', 2, 24000, '2009-01-15'),
	(384, '126', 2, 953000, '2009-01-27'),
	(385, '126', 1, 2500000, '2009-02-14'),
	(386, '126', 2, 2500000, '2011-01-20'),
	(387, '126', 2, 600000, '2011-01-25'),
	(388, '126', 1, 3000000, '2011-02-21'),
	(389, '126', 1, 800000, '2008-06-09'),
	(390, '126', 2, 8000, '2008-07-13'),
	(391, '126', 2, 8000, '2008-08-20'),
	(392, '126', 2, 8000, '2008-09-20'),
	(393, '126', 2, 8000, '2008-10-05'),
	(394, '126', 2, 400000, '2008-10-05'),
	(395, '126', 2, 4000, '2008-11-17'),
	(396, '126', 2, 4000, '2008-12-13'),
	(397, '126', 2, 12000, '2009-01-02'),
	(398, '126', 2, 412000, '2009-05-15'),
	(399, '126', 1, 1500000, '2009-10-31'),
	(400, '126', 2, 50000, '2010-02-22'),
	(401, '126', 2, 550000, '2010-05-05'),
	(402, '126', 2, 30000, '2010-08-09'),
	(403, '126', 2, 330000, '2010-11-12'),
	(404, '126', 2, 221000, '2011-02-11'),
	(405, '126', 2, 315000, '2011-05-09'),
	(406, '126', 2, 210000, '2011-07-29'),
	(407, '126', 1, 1000000, '2011-08-14'),
	(408, '126', 2, 30000, '2011-11-08'),
	(409, '126', 2, 330000, '2012-02-07'),
	(410, '126', 2, 25000, '2012-06-01'),
	(411, '126', 2, 221000, '2012-08-21'),
	(412, '126', 2, 20000, '2012-11-09'),
	(413, '126', 2, 15000, '2013-02-06'),
	(414, '126', 1, 500000, '2008-06-09'),
	(415, '126', 2, 5000, '2008-07-13'),
	(416, '126', 2, 5000, '2008-08-20'),
	(417, '126', 2, 5000, '2008-09-20'),
	(418, '126', 2, 5000, '2008-11-17'),
	(419, '126', 2, 7500, '2008-12-13'),
	(420, '126', 2, 250000, '2008-12-13'),
	(421, '126', 2, 252500, '2009-02-09'),
	(422, '126', 1, 2000000, '2009-02-14'),
	(423, '126', 2, 60000, '2009-05-08'),
	(424, '126', 2, 60000, '2009-08-10'),
	(425, '126', 2, 500000, '2009-09-07'),
	(426, '126', 2, 45000, '2009-11-09'),
	(427, '126', 2, 545000, '2010-02-11'),
	(428, '126', 2, 30000, '2010-05-24'),
	(429, '126', 2, 30000, '2010-08-09'),
	(430, '126', 2, 30000, '2010-11-12'),
	(431, '126', 2, 1020000, '2011-02-11'),
	(432, '126', 1, 1000000, '2011-04-12'),
	(433, '126', 2, 30000, '2011-06-17'),
	(434, '126', 2, 30000, '2011-09-02'),
	(435, '126', 2, 30000, '2011-11-08'),
	(436, '126', 2, 1030000, '2012-01-27'),
	(437, '126', 1, 1500000, '2012-01-22'),
	(438, '126', 2, 45000, '2012-04-30'),
	(439, '126', 2, 45000, '2012-12-12'),
	(440, '126', 2, 1045000, '2012-12-26'),
	(441, '126', 1, 1500000, '2013-03-25'),
	(442, '126', 1, 700000, '2008-06-09'),
	(443, '126', 2, 7000, '2008-07-13'),
	(444, '126', 2, 14000, '2008-09-20'),
	(445, '126', 2, 7000, '2008-11-17'),
	(446, '126', 2, 350000, '2008-12-13'),
	(447, '126', 2, 17500, '2009-01-12'),
	(448, '126', 2, 371000, '2009-05-08'),
	(449, '126', 1, 1000000, '2009-11-03'),
	(450, '126', 2, 30000, '2010-02-22'),
	(451, '126', 2, 1090000, '2010-05-03'),
	(452, '126', 1, 2500000, '2010-05-08'),
	(453, '126', 2, 200000, '2010-07-06'),
	(454, '126', 2, 75000, '2010-08-23'),
	(455, '126', 2, 75000, '2010-11-18'),
	(456, '126', 2, 500000, '2011-04-15'),
	(457, '126', 2, 300000, '2011-04-29'),
	(458, '126', 2, 200000, '2011-05-09'),
	(459, '126', 2, 1800000, '2011-07-18'),
	(460, '126', 1, 3000000, '2011-07-17'),
	(461, '126', 2, 100000, '2011-10-10'),
	(462, '126', 2, 80000, '2012-03-23'),
	(463, '126', 2, 400000, '2012-04-09'),
	(464, '126', 2, 200000, '2012-05-24'),
	(465, '126', 2, 200000, '2012-06-25'),
	(466, '126', 2, 180000, '2012-08-03'),
	(467, '126', 2, 120000, '2012-10-29'),
	(472, '140', 1, 2500000, '2011-08-30'),
	(473, '140', 2, 210527, '2012-03-22'),
	(474, '140', 2, 210525, '2012-03-22'),
	(475, '140', 2, 210520, '2012-04-20'),
	(476, '140', 2, 210518, '2012-04-20'),
	(477, '140', 2, 210522, '2012-04-20'),
	(478, '140', 2, 235504, '2011-10-06'),
	(479, '140', 2, 210514, '2012-06-20'),
	(480, '140', 2, 210516, '2012-06-20'),
	(481, '140', 2, 210512, '2012-07-05'),
	(482, '140', 2, 210510, '2012-07-05'),
	(483, '140', 2, 210508, '2012-07-31'),
	(484, '140', 2, 210506, '2012-07-31'),
	(485, '140', 1, 2000000, '2011-11-14'),
	(486, '140', 2, 351763, '2011-12-01'),
	(487, '140', 2, 351763, '2012-03-01'),
	(488, '140', 2, 351763, '2012-04-02'),
	(489, '140', 2, 351763, '2012-06-20'),
	(490, '140', 2, 351763, '2013-01-22'),
	(491, '140', 2, 351763, '2013-02-21'),
	(492, '123', 1, 1000000, '2012-04-18'),
	(494, '123', 2, 200000, '2012-07-18'),
	(495, '202', 1, 1500000, '2010-03-08'),
	(496, '202', 1, 2500000, '2010-03-08'),
	(497, '202', 1, 2500000, '2010-03-08'),
	(498, '202', 1, 1500000, '2010-12-09'),
	(499, '202', 1, 1200000, '2010-03-08'),
	(500, '202', 2, 672000, '2011-07-11'),
	(501, '202', 2, 72000, '2010-10-01'),
	(502, '202', 1, 2000000, '2009-11-05'),
	(503, '202', 1, 1500000, '2009-01-28'),
	(504, '202', 2, 200000, '2011-10-03'),
	(505, '202', 2, 200000, '2012-08-28'),
	(506, '202', 1, 2500000, '2009-03-08'),
	(507, '202', 2, 150000, '2010-09-14'),
	(509, '202', 2, 1650000, '2012-05-17'),
	(510, '202', 1, 3000000, '2011-04-20'),
	(511, '202', 1, 1500000, '2009-01-28'),
	(513, '202', 1, 2000000, '2011-04-20'),
	(514, '202', 1, 2500000, '2010-03-08'),
	(515, '202', 2, 1400000, '2011-04-01'),
	(516, '202', 2, 150000, '2010-09-10'),
	(518, '123', 1, 10000000, '2008-04-23'),
	(519, '126', 1, 700000, '2008-06-09'),
	(520, '126', 2, 7000, '2008-07-13'),
	(521, '126', 2, 42000, '2009-01-23'),
	(522, '126', 2, 350000, '2009-01-23'),
	(523, '126', 2, 362650, '2009-03-31'),
	(524, '126', 1, 2500000, '2009-03-28'),
	(525, '126', 2, 500000, '2009-10-30'),
	(526, '126', 2, 1000000, '2010-12-28'),
	(527, '126', 2, 500000, '2011-06-22'),
	(528, '126', 1, 400000, '2008-06-09'),
	(529, '126', 2, 4000, '2008-07-13'),
	(530, '126', 2, 8000, '2008-08-20'),
	(531, '126', 2, 400000, '2009-02-09'),
	(532, '126', 1, 1600000, '2009-03-28'),
	(533, '126', 2, 1800000, '2010-04-22'),
	(534, '126', 1, 2000000, '2010-05-08'),
	(535, '126', 2, 60000, '2010-11-04'),
	(536, '126', 2, 200000, '2011-07-06'),
	(537, '126', 2, 1800000, '2013-01-15'),
	(538, '126', 2, 628000, '2013-03-01'),
	(539, '126', 1, 400000, '2008-06-09'),
	(540, '126', 2, 4000, '2008-07-13'),
	(541, '126', 2, 4000, '2008-08-24'),
	(542, '126', 2, 4000, '2008-10-05'),
	(543, '126', 2, 12000, '2009-01-25'),
	(544, '126', 2, 400000, '2009-01-25'),
	(545, '126', 1, 1000000, '2008-08-24'),
	(548, '126', 2, 40000, '2009-02-09'),
	(549, '126', 2, 300000, '2009-04-27'),
	(551, '126', 2, 400000, '2009-09-02'),
	(552, '126', 2, 200000, '2012-07-11'),
	(553, '126', 1, 800000, '2008-08-24'),
	(554, '126', 2, 8000, '2008-08-08'),
	(555, '126', 2, 8000, '2008-10-05'),
	(556, '126', 2, 32000, '2009-01-25'),
	(557, '126', 2, 400000, '2009-03-25'),
	(558, '126', 2, 24000, '2009-05-29'),
	(559, '126', 2, 416000, '2009-08-28'),
	(561, '126', 1, 2500000, '2010-05-08'),
	(562, '126', 1, 2500000, '2009-02-14'),
	(563, '126', 2, 50000, '2009-05-05'),
	(564, '126', 2, 100000, '2009-08-03'),
	(565, '126', 2, 650000, '2010-03-03'),
	(566, '126', 2, 2000000, '2011-02-02'),
	(567, '126', 1, 1500000, '2009-10-09'),
	(568, '126', 2, 1500000, '2012-01-19'),
	(569, '126', 2, 405000, '2012-01-19'),
	(572, '126', 1, 1500000, '2012-01-22'),
	(573, '126', 1, 2000000, '2009-02-14'),
	(574, '126', 2, 60000, '2009-05-20'),
	(575, '126', 2, 560000, '2009-08-20'),
	(576, '126', 2, 45000, '2009-11-23'),
	(577, '126', 2, 545000, '2010-02-07'),
	(578, '126', 2, 575000, '2010-11-15'),
	(579, '126', 2, 500000, '2011-03-08'),
	(580, '126', 2, 15000, '2011-05-03'),
	(581, '126', 1, 2000000, '2011-06-15'),
	(582, '126', 2, 60000, '2011-09-14'),
	(583, '126', 2, 550000, '2012-01-12'),
	(584, '126', 2, 550000, '2012-06-29'),
	(585, '126', 2, 1000000, '2012-11-10'),
	(586, '126', 2, 152200, '2013-02-11'),
	(587, '126', 1, 2000000, '2009-02-14'),
	(588, '126', 2, 140000, '2009-09-04'),
	(589, '126', 2, 1120000, '2009-12-01'),
	(590, '126', 2, 1134000, '2011-03-22'),
	(591, '126', 1, 500000, '2009-02-14'),
	(592, '126', 2, 140000, '2009-04-27'),
	(593, '126', 2, 220000, '2009-07-16'),
	(594, '126', 2, 100000, '2010-02-08'),
	(595, '126', 2, 120000, '2010-09-10'),
	(596, '126', 1, 200000, '2011-07-11'),
	(597, '126', 2, 210000, '2011-11-08'),
	(598, '126', 1, 2000000, '2013-03-25'),
	(599, '126', 1, 2000000, '2009-03-28'),
	(601, '126', 2, 80000, '2010-02-03'),
	(603, '126', 2, 60000, '2011-07-18'),
	(604, '126', 1, 2500000, '2011-08-14'),
	(605, '126', 2, 450000, '2013-04-01'),
	(607, '126', 1, 700000, '2009-06-23'),
	(608, '126', 2, 400000, '2009-07-21'),
	(609, '126', 2, 307000, '2009-09-03'),
	(610, '126', 1, 1000000, '2011-08-14'),
	(611, '126', 2, 560000, '2012-02-20'),
	(612, '126', 2, 510000, '2012-05-07'),
	(613, '126', 1, 3000000, '2012-06-03'),
	(614, '126', 1, 1500000, '2009-10-09'),
	(615, '126', 2, 500000, '2011-02-11'),
	(616, '126', 2, 300000, '2011-05-27'),
	(617, '126', 2, 1000000, '2011-08-26'),
	(618, '126', 2, 23000, '2013-02-21'),
	(619, '126', 1, 1500000, '2009-10-09'),
	(620, '126', 2, 70000, '2010-05-21'),
	(621, '126', 2, 1600000, '2011-07-26'),
	(622, '126', 1, 1500000, '2009-10-09'),
	(623, '126', 2, 45000, '2010-02-08'),
	(624, '126', 2, 45000, '2010-04-06'),
	(625, '126', 2, 45000, '2010-07-07'),
	(626, '126', 2, 500000, '2010-07-12'),
	(629, '126', 1, 2000000, '2011-04-12'),
	(630, '126', 2, 60000, '2011-07-01'),
	(631, '126', 2, 60000, '2011-09-15'),
	(632, '126', 2, 1060000, '2011-11-25'),
	(633, '126', 2, 30000, '2012-01-19'),
	(635, '126', 2, 75000, '2012-04-23'),
	(636, '126', 2, 1575000, '2012-07-06'),
	(637, '126', 1, 1500000, '2012-01-22'),
	(638, '126', 2, 30000, '2012-08-22'),
	(639, '126', 2, 42000, '2013-01-28'),
	(640, '126', 2, 380000, '2013-03-04'),
	(641, '126', 1, 1000000, '2010-11-03'),
	(642, '126', 2, 1000000, '2011-06-10'),
	(643, '126', 2, 200000, '2011-06-29'),
	(644, '126', 1, 3000000, '2013-03-25'),
	(645, '126', 1, 1000000, '2009-11-03'),
	(646, '126', 2, 30000, '2010-02-22'),
	(647, '126', 2, 70000, '2010-09-15'),
	(648, '126', 2, 600000, '2012-01-31'),
	(649, '126', 2, 400000, '2012-05-03'),
	(650, '126', 1, 1500000, '2009-10-09'),
	(651, '126', 2, 500000, '2010-11-20'),
	(652, '126', 2, 1000000, '2011-05-27'),
	(653, '126', 2, 333320, '2013-02-18'),
	(654, '126', 1, 2500000, '2010-05-08'),
	(656, '126', 2, 75000, '2010-11-24'),
	(658, '126', 2, 150000, '2011-04-26'),
	(659, '126', 2, 1000000, '2011-05-09'),
	(660, '126', 2, 200000, '2011-12-14'),
	(661, '126', 2, 1500000, '2012-01-26'),
	(662, '126', 1, 3000000, '2012-06-03'),
	(663, '126', 2, 90000, '2013-01-25'),
	(664, '126', 2, 90000, '2013-03-07'),
	(665, '126', 1, 700000, '2010-05-08'),
	(666, '126', 2, 21000, '2010-08-09'),
	(667, '126', 2, 400000, '2011-03-04'),
	(668, '126', 2, 356000, '2011-05-11'),
	(669, '126', 1, 1000000, '2011-06-15'),
	(670, '126', 2, 230000, '2013-04-01'),
	(671, '126', 1, 600000, '2010-05-08'),
	(672, '126', 2, 18000, '2010-08-06'),
	(673, '126', 2, 450000, '2012-07-11'),
	(674, '126', 1, 800000, '2010-05-08'),
	(676, '126', 2, 60000, '2011-05-23'),
	(677, '126', 1, 1500000, '2010-05-08'),
	(678, '126', 2, 45000, '2010-08-09'),
	(679, '126', 2, 560000, '2010-12-14'),
	(680, '126', 2, 420000, '2011-02-15'),
	(681, '126', 2, 60000, '2011-05-11'),
	(682, '126', 2, 660000, '2011-11-17'),
	(683, '126', 2, 60000, '2012-05-05'),
	(684, '126', 1, 2000000, '2012-01-22'),
	(685, '126', 2, 120000, '2012-10-19'),
	(686, '126', 2, 80000, '2013-02-07'),
	(687, '126', 1, 2500000, '2010-05-08'),
	(688, '126', 2, 75000, '2010-09-24'),
	(689, '126', 2, 75000, '2010-12-28'),
	(690, '126', 2, 500000, '2011-06-22'),
	(691, '126', 1, 1500000, '2012-01-22'),
	(692, '126', 1, 2500000, '2010-05-08'),
	(693, '126', 2, 75000, '2010-08-12'),
	(694, '126', 2, 72000, '2011-01-11'),
	(695, '126', 2, 3003000, '2012-06-28'),
	(696, '126', 1, 2000000, '2010-05-08'),
	(697, '126', 2, 69000, '2010-08-17'),
	(698, '126', 2, 69000, '2010-11-24'),
	(699, '126', 2, 140000, '2011-00-26'),
	(700, '126', 2, 1000000, '2011-05-20'),
	(701, '126', 1, 1500000, '2011-01-23'),
	(702, '126', 2, 2700000, '2012-06-06'),
	(703, '126', 2, 328520, '2013-03-07'),
	(704, '126', 1, 3000000, '2013-03-25'),
	(705, '126', 1, 700000, '2010-05-08'),
	(706, '126', 2, 21000, '2010-10-11'),
	(707, '126', 2, 720000, '2010-12-13'),
	(708, '126', 1, 2000000, '2010-05-08'),
	(709, '126', 2, 60000, '2010-10-06'),
	(710, '126', 1, 1000000, '2010-05-29'),
	(711, '126', 2, 30000, '2010-09-03'),
	(712, '126', 2, 30000, '2010-12-02'),
	(713, '126', 2, 30000, '2011-02-18'),
	(714, '126', 2, 30000, '2011-05-30'),
	(715, '126', 2, 1000000, '2011-06-10'),
	(716, '126', 1, 2000000, '2011-07-17'),
	(717, '126', 2, 70000, '2011-11-08'),
	(718, '126', 2, 60000, '2012-02-07'),
	(719, '126', 2, 60000, '2012-05-04'),
	(720, '126', 1, 2500000, '2010-05-29'),
	(721, '126', 2, 1500000, '2011-05-20'),
	(722, '126', 2, 1673000, '2012-05-07'),
	(723, '126', 1, 3000000, '2012-06-03'),
	(724, '126', 1, 2500000, '2009-02-07'),
	(725, '126', 2, 75000, '2009-05-06'),
	(726, '126', 2, 75000, '2009-08-11'),
	(727, '126', 2, 1075000, '2009-11-02'),
	(728, '126', 2, 45000, '2010-02-08'),
	(729, '126', 2, 45000, '2010-08-09'),
	(730, '126', 2, 30000, '2010-11-05'),
	(731, '126', 2, 1000000, '2010-11-05'),
	(732, '126', 2, 505000, '2010-11-18'),
	(733, '126', 2, 55000, '2011-02-07'),
	(734, '126', 2, 13000, '2013-01-28'),
	(735, '126', 1, 2500000, '2010-11-15'),
	(736, '126', 2, 75000, '2011-02-17'),
	(739, '126', 1, 2000000, '2010-11-15'),
	(740, '126', 1, 1500000, '2011-01-23'),
	(741, '126', 2, 750000, '2012-01-31'),
	(742, '126', 2, 750000, '2012-05-22'),
	(743, '126', 2, 30000, '2012-05-22'),
	(744, '126', 1, 1500000, '2011-01-23'),
	(745, '126', 2, 190000, '2011-08-01'),
	(746, '126', 1, 1500000, '2011-01-23'),
	(747, '126', 2, 60000, '2012-05-18'),
	(748, '126', 2, 1240000, '2012-05-18'),
	(750, '126', 1, 3000000, '2011-01-24'),
	(751, '126', 2, 90000, '2011-04-25'),
	(752, '126', 2, 90000, '2011-07-18'),
	(753, '126', 2, 90000, '2011-10-18'),
	(754, '126', 2, 90000, '2012-01-26'),
	(755, '126', 2, 1090000, '2012-04-24'),
	(756, '126', 2, 60000, '2012-07-11'),
	(757, '126', 2, 60000, '2012-09-25'),
	(758, '126', 2, 60000, '2013-01-31'),
	(759, '126', 1, 2000000, '2011-01-23'),
	(760, '126', 2, 60000, '2011-06-07'),
	(761, '126', 2, 60000, '2011-09-09'),
	(762, '126', 2, 60000, '2011-11-08'),
	(763, '126', 2, 60000, '2012-02-07'),
	(764, '126', 2, 60000, '2012-05-15'),
	(765, '126', 2, 100000, '2013-02-08'),
	(766, '126', 2, 10000, '2013-04-01'),
	(767, '126', 1, 2000000, '2011-01-23'),
	(768, '126', 2, 200000, '2012-06-28'),
	(769, '126', 1, 1800000, '2011-04-12'),
	(770, '126', 2, 767000, '2012-01-05'),
	(771, '126', 2, 118000, '2012-01-31'),
	(772, '126', 2, 765000, '2012-02-10'),
	(773, '126', 1, 3000000, '2012-02-19'),
	(774, '126', 2, 1500000, '2012-11-23'),
	(775, '126', 2, 1000000, '2012-12-12'),
	(776, '126', 1, 1000000, '2011-06-15'),
	(777, '126', 2, 1070000, '2012-01-23'),
	(778, '126', 1, 1000000, '2012-02-19'),
	(779, '126', 1, 2000000, '2011-06-15'),
	(780, '126', 1, 2500000, '2011-07-18'),
	(781, '126', 2, 250000, '2012-05-18'),
	(782, '126', 1, 1000000, '2011-08-14'),
	(783, '126', 2, 60000, '2012-01-10'),
	(784, '126', 2, 500000, '2012-03-12'),
	(785, '126', 2, 515000, '2012-05-04'),
	(786, '126', 1, 2000000, '2012-06-03'),
	(787, '126', 2, 1020000, '2013-01-05'),
	(788, '126', 1, 1500000, '2012-01-22'),
	(789, '126', 2, 90000, '2012-07-12'),
	(790, '126', 2, 1000000, '2013-02-05'),
	(791, '126', 1, 1500000, '2012-01-22'),
	(792, '126', 2, 45000, '2012-04-20'),
	(793, '126', 2, 1030000, '2013-02-15'),
	(794, '126', 2, 10000, '2013-03-12'),
	(795, '126', 1, 1500000, '2013-04-01'),
	(796, '126', 1, 2000000, '2012-01-26'),
	(797, '126', 2, 60000, '2012-05-22'),
	(798, '126', 2, 120000, '2012-11-13'),
	(799, '126', 2, 60000, '2013-02-18'),
	(800, '126', 1, 1500000, '2013-04-01'),
	(801, '126', 1, 2000000, '2012-02-26'),
	(802, '126', 2, 240000, '2013-01-15'),
	(803, '126', 1, 1500000, '2013-04-01'),
	(804, '126', 1, 1000000, '2012-06-03'),
	(805, '126', 2, 30000, '2012-09-07'),
	(806, '126', 2, 30000, '2012-11-09'),
	(807, '126', 2, 30000, '2013-02-07'),
	(808, '126', 2, 500000, '2013-04-01'),
	(809, '126', 1, 500000, '2012-11-07'),
	(810, '126', 2, 150000, '2013-02-14'),
	(811, '126', 1, 600000, '2008-06-09'),
	(812, '126', 2, 6000, '2008-07-13'),
	(813, '126', 2, 6000, '2008-08-13'),
	(815, '126', 2, 6000, '2008-11-23'),
	(816, '126', 2, 18000, '2009-01-25'),
	(817, '126', 2, 300000, '2009-03-31'),
	(818, '126', 2, 100000, '2010-08-09'),
	(819, '126', 2, 200000, '2011-04-29'),
	(820, '126', 2, 120000, '2012-03-20'),
	(821, '126', 2, 12000, '2008-10-05'),
	(824, '401', 1, 1000000, '2013-06-04'),
	(825, '401', 1, 700000, '2013-06-04'),
	(826, '401', 1, 1000000, '2013-06-04'),
	(827, '401', 1, 1000000, '2013-06-04'),
	(828, '401', 1, 1000000, '2013-06-04'),
	(829, '401', 1, 1000000, '2013-06-04'),
	(830, '401', 1, 1000000, '2013-06-04'),
	(831, '401', 1, 1000000, '2013-06-04'),
	(832, '401', 1, 1000000, '2013-06-04'),
	(833, '401', 1, 1000000, '2013-06-04'),
	(834, '126', 2, 141724, '2009-02-14'),
	(835, '126', 2, 101048, '2011-02-21'),
	(836, '126', 2, 10000, '2008-10-05'),
	(837, '126', 2, 100000, '2009-07-03'),
	(839, '126', 1, 800000, '2008-08-24'),
	(840, '126', 2, 16000, '2008-10-25'),
	(841, '126', 2, 24000, '2009-01-25'),
	(842, '126', 2, 400000, '2009-03-27'),
	(843, '126', 2, 438000, '2009-09-07'),
	(844, '126', 1, 1500000, '2009-10-09'),
	(845, '126', 2, 90000, '2010-05-05'),
	(846, '126', 2, 750000, '2011-01-25'),
	(847, '126', 2, 475000, '2012-01-19'),
	(848, '126', 1, 2500000, '2010-05-29'),
	(849, '126', 1, 1500000, '2012-01-22'),
	(850, '126', 1, 3000000, '2011-04-12'),
	(851, '126', 2, 270000, '2012-01-19'),
	(852, '126', 1, 2000000, '2009-02-14'),
	(853, '126', 2, 40000, '2009-05-05'),
	(854, '126', 2, 80000, '2009-08-03'),
	(855, '126', 2, 1000000, '2010-03-03'),
	(856, '126', 2, 80000, '2010-07-10'),
	(857, '126', 2, 2300000, '2011-05-27'),
	(858, '126', 2, 253450, '2013-02-25'),
	(859, '126', 2, 1030000, '2010-10-05'),
	(860, '126', 2, 75000, '2012-03-05'),
	(861, '126', 2, 720226, '2012-01-22'),
	(862, '126', 2, 310000, '2013-04-10'),
	(863, '126', 2, 226000, '2013-04-24'),
	(864, '126', 2, 205000, '2013-05-30'),
	(865, '126', 2, 75000, '2010-08-17'),
	(866, '126', 2, 1000000, '2013-04-09'),
	(867, '126', 2, 200000, '2013-05-06'),
	(868, '126', 2, 48000, '2010-10-12'),
	(869, '126', 2, 400000, '2013-03-22'),
	(870, '126', 2, 400000, '2013-04-26'),
	(871, '126', 2, 200000, '2013-03-12'),
	(872, '126', 2, 200000, '2013-04-17'),
	(873, '126', 1, 1500000, '2012-01-22'),
	(874, '126', 2, 420000, '2013-01-31'),
	(878, '126', 1, 1500000, '2012-02-26'),
	(879, '126', 2, 500000, '2012-10-08'),
	(880, '126', 2, 1205000, '2013-04-29'),
	(881, '126', 2, 1400000, '2012-12-19'),
	(882, '126', 2, 75000, '2012-02-10'),
	(883, '126', 2, 175000, '2013-01-17'),
	(884, '126', 2, 1000000, '2013-05-14'),
	(885, '123', 1, 2000000, '2012-08-08'),
	(886, '123', 2, 300000, '2013-01-03'),
	(887, '123', 2, 60000, '2013-02-08'),
	(891, '123', 1, 1000000, '2013-10-01'),
	(892, '123', 2, 1020000, '2013-12-01'),
	(893, '110', 1, 1000000, '2012-09-19'),
	(894, '110', 2, 200000, '2013-05-02'),
	(895, '110', 2, 600000, '2013-05-23'),
	(896, '110', 2, 300000, '2013-07-05'),
	(897, '110', 1, 1500000, '2012-09-19'),
	(898, '110', 2, 91500, '2013-04-20'),
	(899, '110', 2, 91500, '2013-05-02'),
	(900, '110', 2, 91500, '2013-05-02'),
	(901, '110', 2, 91500, '2013-05-02'),
	(902, '110', 2, 91500, '2013-01-09'),
	(903, '110', 2, 91500, '2012-11-23'),
	(904, '110', 2, 91500, '2012-10-19'),
	(905, '110', 2, 91500, '2013-05-20'),
	(906, '110', 2, 94000, '2013-08-10'),
	(907, '110', 1, 1500000, '2012-09-19'),
	(908, '110', 2, 91473, '2012-10-19'),
	(909, '110', 2, 100000, '2013-01-28'),
	(910, '110', 2, 93000, '2013-04-29'),
	(911, '110', 2, 93000, '2013-05-27'),
	(912, '110', 2, 91473, '2012-11-19'),
	(913, '110', 2, 93000, '2012-12-24'),
	(914, '110', 2, 92000, '2013-02-19'),
	(915, '110', 2, 100000, '2013-04-01'),
	(916, '110', 2, 93000, '2013-06-24'),
	(917, '110', 2, 93000, '2013-07-23'),
	(918, '110', 1, 1500000, '2012-09-19'),
	(919, '110', 2, 91500, '2012-10-19'),
	(920, '110', 2, 91500, '2012-11-21'),
	(921, '110', 2, 91500, '2013-02-20'),
	(922, '110', 2, 91500, '2013-02-20'),
	(923, '110', 2, 91500, '2013-02-20'),
	(924, '110', 2, 91500, '2013-05-20'),
	(925, '110', 2, 91500, '2013-05-20'),
	(926, '110', 2, 91500, '2013-05-20'),
	(927, '110', 2, 91500, '2013-08-15'),
	(928, '110', 2, 91500, '2013-08-19'),
	(929, '110', 2, 91500, '2013-08-15'),
	(930, '110', 1, 1500000, '2012-09-19'),
	(931, '110', 2, 133273, '2013-04-02'),
	(933, '110', 2, 133273, '2013-04-02'),
	(934, '110', 2, 133273, '2013-02-20'),
	(936, '110', 2, 133273, '2012-12-20'),
	(937, '110', 2, 133273, '2012-12-20'),
	(938, '110', 2, 136273, '2012-12-04'),
	(939, '110', 2, 133273, '2012-10-19'),
	(940, '110', 2, 135000, '2013-01-30'),
	(941, '110', 2, 133300, '2013-05-29'),
	(942, '110', 2, 133273, '2013-06-24'),
	(943, '110', 2, 133300, '2013-08-13'),
	(944, '123', 1, 5000000, '2011-02-25'),
	(945, '123', 2, 188890, '2011-03-25'),
	(947, '123', 2, 188890, '2011-05-24'),
	(948, '123', 2, 188890, '2011-06-28'),
	(949, '123', 2, 188890, '2011-07-26'),
	(950, '123', 2, 188890, '2011-08-26'),
	(951, '123', 2, 188890, '2011-04-25'),
	(952, '123', 2, 188890, '2011-09-26'),
	(953, '123', 2, 188890, '2011-10-26'),
	(954, '123', 2, 188890, '2011-12-26'),
	(955, '123', 2, 100000, '2013-09-10'),
	(957, '123', 1, 1000000, '2013-09-10'),
	(959, '202', 2, 1000000, '2011-09-14');
/*!40000 ALTER TABLE `transacciones` ENABLE KEYS */;


-- Volcando estructura para tabla bancos.users
DROP TABLE IF EXISTS `users`;
CREATE TABLE IF NOT EXISTS `users` (
  `id` int(11) NOT NULL AUTO_INCREMENT,
  `username` varchar(50) COLLATE utf8_bin NOT NULL,
  `password` varchar(255) COLLATE utf8_bin NOT NULL,
  `email` varchar(100) COLLATE utf8_bin NOT NULL,
  `activated` tinyint(1) NOT NULL DEFAULT '1',
  `banned` tinyint(1) NOT NULL DEFAULT '0',
  `ban_reason` varchar(255) COLLATE utf8_bin DEFAULT NULL,
  `new_password_key` varchar(50) COLLATE utf8_bin DEFAULT NULL,
  `new_password_requested` datetime DEFAULT NULL,
  `new_email` varchar(100) COLLATE utf8_bin DEFAULT NULL,
  `new_email_key` varchar(50) COLLATE utf8_bin DEFAULT NULL,
  `last_ip` varchar(40) COLLATE utf8_bin NOT NULL,
  `last_login` datetime NOT NULL DEFAULT '0000-00-00 00:00:00',
  `created` datetime NOT NULL DEFAULT '0000-00-00 00:00:00',
  `modified` timestamp NOT NULL DEFAULT CURRENT_TIMESTAMP ON UPDATE CURRENT_TIMESTAMP,
  `profile_photo` mediumtext COLLATE utf8_bin NOT NULL,
  PRIMARY KEY (`id`)
) ENGINE=InnoDB AUTO_INCREMENT=5 DEFAULT CHARSET=utf8 COLLATE=utf8_bin;

-- Volcando datos para la tabla bancos.users: ~1 rows (aproximadamente)
DELETE FROM `users`;
/*!40000 ALTER TABLE `users` DISABLE KEYS */;
INSERT INTO `users` (`id`, `username`, `password`, `email`, `activated`, `banned`, `ban_reason`, `new_password_key`, `new_password_requested`, `new_email`, `new_email_key`, `last_ip`, `last_login`, `created`, `modified`, `profile_photo`) VALUES
	(4, 'test', '$2a$08$2D.ZATgtHb/qb9bYO6mat.HNuvfOV2mQBB.JGKXd534ThpyqfI.cW', 'test@test.com', 1, 0, NULL, NULL, NULL, NULL, '58f6dabadc9622ea9ff8227b9a53d6ee', '88.22.186.98', '2013-06-20 19:13:32', '2013-06-20 19:12:54', '2013-06-20 12:13:32', '');
/*!40000 ALTER TABLE `users` ENABLE KEYS */;


-- Volcando estructura para tabla bancos.user_autologin
DROP TABLE IF EXISTS `user_autologin`;
CREATE TABLE IF NOT EXISTS `user_autologin` (
  `key_id` char(32) COLLATE utf8_bin NOT NULL,
  `user_id` int(11) NOT NULL DEFAULT '0',
  `user_agent` varchar(150) COLLATE utf8_bin NOT NULL,
  `last_ip` varchar(40) COLLATE utf8_bin NOT NULL,
  `last_login` timestamp NOT NULL DEFAULT CURRENT_TIMESTAMP ON UPDATE CURRENT_TIMESTAMP,
  PRIMARY KEY (`key_id`,`user_id`)
) ENGINE=InnoDB DEFAULT CHARSET=utf8 COLLATE=utf8_bin;

-- Volcando datos para la tabla bancos.user_autologin: ~0 rows (aproximadamente)
DELETE FROM `user_autologin`;
/*!40000 ALTER TABLE `user_autologin` DISABLE KEYS */;
/*!40000 ALTER TABLE `user_autologin` ENABLE KEYS */;


-- Volcando estructura para tabla bancos.usuarios
DROP TABLE IF EXISTS `usuarios`;
CREATE TABLE IF NOT EXISTS `usuarios` (
  `Id` int(11) NOT NULL AUTO_INCREMENT,
  `Usuario` varchar(50) NOT NULL,
  `Password` varchar(50) NOT NULL,
  PRIMARY KEY (`Id`)
) ENGINE=MyISAM AUTO_INCREMENT=2 DEFAULT CHARSET=utf8;

-- Volcando datos para la tabla bancos.usuarios: 1 rows
DELETE FROM `usuarios`;
/*!40000 ALTER TABLE `usuarios` DISABLE KEYS */;
INSERT INTO `usuarios` (`Id`, `Usuario`, `Password`) VALUES
	(1, 'diego@blogdephp.com', 'blogdephp');
/*!40000 ALTER TABLE `usuarios` ENABLE KEYS */;


-- Volcando estructura para tabla bancos.usuarios_sistema
DROP TABLE IF EXISTS `usuarios_sistema`;
CREATE TABLE IF NOT EXISTS `usuarios_sistema` (
  `persona` int(20) NOT NULL,
  `rol` int(11) NOT NULL,
  `contraseña` varchar(50) NOT NULL,
  PRIMARY KEY (`persona`,`rol`),
  KEY `rol` (`rol`),
  CONSTRAINT `usuarios_sistema_ibfk_2` FOREIGN KEY (`rol`) REFERENCES `roles` (`id`)
) ENGINE=InnoDB DEFAULT CHARSET=utf8;

-- Volcando datos para la tabla bancos.usuarios_sistema: ~0 rows (aproximadamente)
DELETE FROM `usuarios_sistema`;
/*!40000 ALTER TABLE `usuarios_sistema` DISABLE KEYS */;
/*!40000 ALTER TABLE `usuarios_sistema` ENABLE KEYS */;


-- Volcando estructura para vista bancos.vistaabonos
DROP VIEW IF EXISTS `vistaabonos`;
-- Creando tabla temporal para superar errores de dependencia de VIEW
CREATE TABLE `vistaabonos` (
	`id` INT(11) NOT NULL,
	`banco` VARCHAR(10) NOT NULL COLLATE 'utf8_general_ci',
	`cliente` VARCHAR(25) NOT NULL COLLATE 'utf8_general_ci',
	`credito` INT(30) NOT NULL,
	`valor` FLOAT NOT NULL,
	`fecha` DATE NOT NULL,
	`soporte` VARCHAR(30) NULL COLLATE 'utf8_general_ci'
) ENGINE=MyISAM;


-- Volcando estructura para vista bancos.vistabanco
DROP VIEW IF EXISTS `vistabanco`;
-- Creando tabla temporal para superar errores de dependencia de VIEW
CREATE TABLE `vistabanco` (
	`Departamento` VARCHAR(50) NOT NULL COLLATE 'utf8_general_ci',
	`Muncipio` VARCHAR(50) NOT NULL COLLATE 'utf8_general_ci',
	`Vereda` VARCHAR(50) NOT NULL COLLATE 'utf8_general_ci',
	`Nombre` VARCHAR(50) NOT NULL COLLATE 'utf8_general_ci',
	`Fecha` DATE NULL,
	`Latitud` DOUBLE NULL,
	`longitud` DOUBLE NULL,
	`Direccion` VARCHAR(50) NULL COLLATE 'utf8_general_ci',
	`Id` VARCHAR(10) NOT NULL COLLATE 'utf8_general_ci'
) ENGINE=MyISAM;


-- Volcando estructura para vista bancos.vistacliente
DROP VIEW IF EXISTS `vistacliente`;
-- Creando tabla temporal para superar errores de dependencia de VIEW
CREATE TABLE `vistacliente` (
	`Identificacion` VARCHAR(25) NOT NULL COLLATE 'utf8_general_ci',
	`Nombre1` VARCHAR(50) NOT NULL COLLATE 'utf8_general_ci',
	`Nombre2` VARCHAR(50) NULL COLLATE 'utf8_general_ci',
	`Apellido1` VARCHAR(50) NOT NULL COLLATE 'utf8_general_ci',
	`Celular` VARCHAR(20) NOT NULL COLLATE 'utf8_general_ci',
	`Direccion` VARCHAR(50) NULL COLLATE 'utf8_general_ci',
	`Municipio` INT(10) NOT NULL,
	`Vereda` VARCHAR(30) NULL COLLATE 'utf8_general_ci',
	`Banco` VARCHAR(10) NOT NULL COLLATE 'utf8_general_ci',
	`ocupacion` VARCHAR(20) NULL COLLATE 'utf8_general_ci'
) ENGINE=MyISAM;


-- Volcando estructura para vista bancos.vistacredito
DROP VIEW IF EXISTS `vistacredito`;
-- Creando tabla temporal para superar errores de dependencia de VIEW
CREATE TABLE `vistacredito` (
	`Identificacion` VARCHAR(25) NOT NULL COLLATE 'utf8_general_ci',
	`Nombre1` VARCHAR(50) NOT NULL COLLATE 'utf8_general_ci',
	`Nombre2` VARCHAR(50) NULL COLLATE 'utf8_general_ci',
	`Apellido1` VARCHAR(50) NOT NULL COLLATE 'utf8_general_ci',
	`Idcredito` INT(30) NOT NULL,
	`monto` DECIMAL(20,0) NOT NULL,
	`plazo` INT(3) NOT NULL,
	`periodo_intereses` INT(3) NOT NULL,
	`periodo_capital` INT(3) NOT NULL,
	`fecha_desembolso` DATE NOT NULL,
	`Banco` VARCHAR(10) NOT NULL COLLATE 'utf8_general_ci',
	`interes_corriente` DOUBLE NOT NULL,
	`interes_mora` DOUBLE NOT NULL
) ENGINE=MyISAM;


-- Volcando estructura para vista bancos.vistacreditos
DROP VIEW IF EXISTS `vistacreditos`;
-- Creando tabla temporal para superar errores de dependencia de VIEW
CREATE TABLE `vistacreditos` (
	`cliente` VARCHAR(25) NOT NULL COLLATE 'utf8_general_ci',
	`banco` VARCHAR(10) NOT NULL COLLATE 'utf8_general_ci',
	`id_credito` INT(30) NOT NULL,
	`monto` DECIMAL(20,0) NOT NULL,
	`plazo` INT(3) NOT NULL,
	`periodo_intereses` INT(3) NOT NULL,
	`periodo_capital` INT(3) NOT NULL,
	`fecha_desembolso` DATE NOT NULL,
	`interes_corriente` DOUBLE NOT NULL,
	`interes_mora` DOUBLE NOT NULL
) ENGINE=MyISAM;


-- Volcando estructura para vista bancos.bancoextend
DROP VIEW IF EXISTS `bancoextend`;
-- Eliminando tabla temporal y crear estructura final de VIEW
DROP TABLE IF EXISTS `bancoextend`;
CREATE ALGORITHM=UNDEFINED DEFINER=`root`@`localhost` VIEW `bancos`.`bancoextend` AS SELECT departamentos.nombre, municipios.nombre_municipio, banco.localidad, banco.nombre_banco, banco.fecha_creacion FROM (municipios INNER JOIN banco ON banco.municipio = municipios.id) INNER JOIN departamentos ON banco.departamento = departamentos.id ;


-- Volcando estructura para vista bancos.vistaabonos
DROP VIEW IF EXISTS `vistaabonos`;
-- Eliminando tabla temporal y crear estructura final de VIEW
DROP TABLE IF EXISTS `vistaabonos`;
CREATE ALGORITHM=UNDEFINED DEFINER=`root`@`localhost` VIEW `bancos`.`vistaabonos` AS select `abonos`.`id_abono` AS `id`,`abonos`.`banco` AS `banco`,`abonos`.`persona` AS `cliente`,`abonos`.`credito` AS `credito`,`transacciones`.`valor` AS `valor`,`transacciones`.`fecha`,abonos.soporte  from (transacciones join abonos on(abonos.transaccion = transacciones.id and abonos.banco=transacciones.banco)) ;


-- Volcando estructura para vista bancos.vistabanco
DROP VIEW IF EXISTS `vistabanco`;
-- Eliminando tabla temporal y crear estructura final de VIEW
DROP TABLE IF EXISTS `vistabanco`;
CREATE ALGORITHM=UNDEFINED DEFINER=`root`@`localhost` VIEW `bancos`.`vistabanco` AS select `departamentos`.`nombre` AS `Departamento`,`municipios`.`nombre_municipio` AS `Muncipio`,`banco`.`localidad` AS `Vereda`,`banco`.`nombre_banco` AS `Nombre`,`banco`.`fecha_creacion` AS `Fecha`,`banco`.`latitud` AS `Latitud`,`banco`.`longitud` AS `longitud`,`banco`.`direccion` AS `Direccion`,`banco`.`id` AS `Id` from ((`municipios` join `banco` on((`banco`.`municipio` = `municipios`.`id`))) join `departamentos` on((`banco`.`departamento` = `departamentos`.`id`))) ;


-- Volcando estructura para vista bancos.vistacliente
DROP VIEW IF EXISTS `vistacliente`;
-- Eliminando tabla temporal y crear estructura final de VIEW
DROP TABLE IF EXISTS `vistacliente`;
CREATE ALGORITHM=UNDEFINED DEFINER=`root`@`localhost` VIEW `bancos`.`vistacliente` AS select personas.id as Identificacion, personas.nombre1 as Nombre1, personas.nombre2 as Nombre2,
personas.apellido1 as Apellido1,personas.celular as Celular, personas.direccion as Direccion,
personas.municipio_residencia as Municipio, personas.localidad as Vereda, clientes.banco as Banco, clientes.ocupacion
from (personas join clientes on(clientes.persona=personas.id)) ;


-- Volcando estructura para vista bancos.vistacredito
DROP VIEW IF EXISTS `vistacredito`;
-- Eliminando tabla temporal y crear estructura final de VIEW
DROP TABLE IF EXISTS `vistacredito`;
CREATE ALGORITHM=UNDEFINED DEFINER=`root`@`localhost` VIEW `bancos`.`vistacredito` AS select personas.id as Identificacion, personas.nombre1 as Nombre1, personas.nombre2 as Nombre2,
personas.apellido1 as Apellido1,vistacreditos.id_credito as Idcredito,vistacreditos.monto as monto, vistacreditos.plazo as plazo,
vistacreditos.periodo_intereses as periodo_intereses, vistacreditos.periodo_capital as periodo_capital, vistacreditos.fecha_desembolso as fecha_desembolso, vistacreditos.banco as Banco,
vistacreditos.interes_corriente as interes_corriente, vistacreditos.interes_mora as interes_mora
from (personas join vistacreditos on(vistacreditos.cliente=personas.id)) ;


-- Volcando estructura para vista bancos.vistacreditos
DROP VIEW IF EXISTS `vistacreditos`;
-- Eliminando tabla temporal y crear estructura final de VIEW
DROP TABLE IF EXISTS `vistacreditos`;
CREATE ALGORITHM=UNDEFINED DEFINER=`root`@`localhost` VIEW `bancos`.`vistacreditos` AS select `creditos`.`persona` AS `cliente`,`creditos`.`banco` AS `banco`,`creditos`.`id_credito` AS `id_credito`,`creditos`.`monto` AS `monto`,`creditos`.`plazo` AS `plazo`,`creditos`.`periodo_intereses` AS `periodo_intereses`,`creditos`.`periodo_capital` AS `periodo_capital`,transacciones.fecha as fecha_desembolso, linea_credito.int_corriente as interes_corriente, linea_credito.int_mora as interes_mora from ((transacciones join creditos on((creditos.transaccion = transacciones.id and creditos.banco=transacciones.banco))) join linea_credito on((creditos.linea_credito = linea_credito.id and creditos.banco=linea_credito.banco))) ;
/*!40101 SET SQL_MODE=IFNULL(@OLD_SQL_MODE, '') */;
/*!40014 SET FOREIGN_KEY_CHECKS=IF(@OLD_FOREIGN_KEY_CHECKS IS NULL, 1, @OLD_FOREIGN_KEY_CHECKS) */;
/*!40101 SET CHARACTER_SET_CLIENT=@OLD_CHARACTER_SET_CLIENT */;
